id	zf_code	dna_sequence	aa_sequence	dna_contact_aas
QDT5a	CFFFD	CACCGTTGTTCTCAGTGTGGGAAGAGCTTCACAACAGGGAGAAATCTCATCATACACCAGCGCATTCACACAGGAGAGAAGCCGTTTCACTGCTCTCAGTGTGGGAAGAGCTTCAGTCAGTCAGGAGACTTAAAGACACACCAGCGCATTCACACAGGAGAGAAGCCGTTTCACTGCTCTCAGTGTGGGAAGAGCTTCAGTCAGTCAGGAGACTTAAAGACACACCAGCGCATTCACACAGGAGAGAAGCCGTTTCACTGCTCTCAGTGTGGGAAGAGCTTCAGTCAGTCAGGAGACTTAAAGACACACCAGCGCATTCACACAGGAGAGAAGCCGTTTCACTGCTCTCAGTGTGGGAGGAGCTTCAGTCAGTCAGGAAATCTAAAGAAACACAAGTGTTCTAAAAAGAGTAAAGAACTT	HRCSQCGKSFTTGRNLIIHQRIHTGEKPFHCSQCGKSFSQSGDLKTHQRIHTGEKPFHCSQCGKSFSQSGDLKTHQRIHTGEKPFHCSQCGKSFSQSGDLKTHQRIHTGEKPFHCSQCGRSFSQSGNLKKHKCSKKSKEL	TRNIQGDTQGDTQGDTQGNK
QDT5b	CFFFN	CACCGTTGTTCTCAGTGTGGGAAGAGCTTCACAACAGGGAGAAATCTCATCATACACCAGCGCATTCACACAGGAGAGAAGCCGTTTCACTGCTCTCAGTGTGGGAAGAGCTTCAGTCAGTCAGGAGACTTAAAGACACACCAGCGCATTCACACAGGAGAGAAGCCGTTTCACTGCTCTCAGTGTGGGAAGAGCTTCAGTCAGTCAGGAGACTTAAAGACACACCAGCGCATTCACACAGGAGAGAAGCCGTTTCACTGCTCTCAGTGTGGGAAGAGCTTCAGTCAGTCAGGAGACTTAAAGACACACCAGCGCATTCACACAGGAGAGAAGCCGTTTCACTGCTCTCAGTGTGGGAGGAGCTTCAGTCAGTCAGGACCTCTAAAGAAACACAAGTGTTCTAAAAAGAGTAAAGAACTT	HRCSQCGKSFTTGRNLIIHQRIHTGEKPFHCSQCGKSFSQSGDLKTHQRIHTGEKPFHCSQCGKSFSQSGDLKTHQRIHTGEKPFHCSQCGKSFSQSGDLKTHQRIHTGEKPFHCSQCGRSFSQSGPLKKHKCSKKSKEL	TRNIQGDTQGDTQGDTQGPK
QDT6a	CIBGBD	CACCGTTGTTCTCAGTGTGGGAAGAGCTTCACAACAGGGAGAAATCTCATCATACACCAGCGCATTCACACAGGAGAGAAGCCGTTTCACTGCTCTCAGTGTGGGAGGAGCTTCAGTCAGTCAGGAGACTTAAAGACACACCAGCACATTCACACAGGAGAGAAGCCGTTTCACTGCTCTCAGTGTGGGAGGAGCTTCAGTCAGTCAGGACCTCTAAAGACACACCAGCGCATTCACACAGGAGAGAAGCCGTTTCACTGCTCTCAGTGTGGGAGGAGCTTCAGTCAGTCAGGACATCTAAAGAAACACCAGCGCATTCACACAGGAGAGAAGCCGTTTCACTGCTCTCAGTGTGGGAGGAGCTTCAGTCAGTCAGGACCTCTAAAGACACACCAGCGCATTCACACAGGAGAGAAGCCGTTTCACTGCTCTCAGTGTGGGAGGAGCTTCAGTCAGTCAGGAAATCTAAAGAAACACAAGTGTTCTAAAAAGAGTAAAGAACTT	HRCSQCGKSFTTGRNLIIHQRIHTGEKPFHCSQCGRSFSQSGDLKTHQHIHTGEKPFHCSQCGRSFSQSGPLKTHQRIHTGEKPFHCSQCGRSFSQSGHLKKHQRIHTGEKPFHCSQCGRSFSQSGPLKTHQRIHTGEKPFHCSQCGRSFSQSGNLKKHKCSKKSKEL	TRNIQGDTQGPTQGHKQGPTQGNK
QDT6b	CIBBBD	CACCGTTGTTCTCAGTGTGGGAAGAGCTTCACAACAGGGAGAAATCTCATCATACACCAGCGCATTCACACAGGAGAGAAGCCGTTTCACTGCTCTCAGTGTGGGAGGAGCTTCAGTCAGTCAGGAGACTTAAAGACACACCAGCACATTCACACAGGAGAGAAGCCGTTTCACTGCTCTCAGTGTGGGAGGAGCTTCAGTCAGTCAGGACCTCTAAAGACACACCAGCGCATTCACACAGGAGAGAAGCCGTTTCACTGCTCTCAGTGTGGGAGGAGCTTCAGTCAGTCAGGACCTCTAAAGACACACCAGCGCATTCACACAGGAGAGAAGCCGTTTCACTGCTCTCAGTGTGGGAGGAGCTTCAGTCAGTCAGGACCTCTAAAGACACACCAGCGCATTCACACAGGAGAGAAGCCGTTTCACTGCTCTCAGTGTGGGAGGAGCTTCAGTCAGTCAGGAAATCTAAAGAAACACAAGTGTTCTAAAAAGAGTAAAGAACTT	HRCSQCGKSFTTGRNLIIHQRIHTGEKPFHCSQCGRSFSQSGDLKTHQHIHTGEKPFHCSQCGRSFSQSGPLKTHQRIHTGEKPFHCSQCGRSFSQSGPLKTHQRIHTGEKPFHCSQCGRSFSQSGPLKTHQRIHTGEKPFHCSQCGRSFSQSGNLKKHKCSKKSKEL	TRNIQGDTQGPTQGPTQGPTQGNK
QDT8a	CIBBBGBD	CACCGTTGTTCTCAGTGTGGGAAGAGCTTCACAACAGGGAGAAATCTCATCATACACCAGCGCATTCACACAGGAGAGAAGCCGTTTCACTGCTCTCAGTGTGGGAGGAGCTTCAGTCAGTCAGGAGACTTAAAGACACACCAGCACATTCACACAGGAGAGAAGCCGTTTCACTGCTCTCAGTGTGGGAGGAGCTTCAGTCAGTCAGGACCTCTAAAGACACACCAGCGCATTCACACAGGAGAGAAGCCGTTTCACTGCTCTCAGTGTGGGAGGAGCTTCAGTCAGTCAGGACCTCTAAAGACACACCAGCGCATTCACACAGGAGAGAAGCCGTTTCACTGCTCTCAGTGTGGGAGGAGCTTCAGTCAGTCAGGACCTCTAAAGACACACCAGCGCATTCACACAGGAGAGAAGCCGTTTCACTGCTCTCAGTGTGGGAGGAGCTTCAGTCAGTCAGGACATCTAAAGAAACACCAGCGCATTCACACAGGAGAGAAGCCGTTTCACTGCTCTCAGTGTGGGAGGAGCTTCAGTCAGTCAGGACCTCTAAAGACACACCAGCGCATTCACACAGGAGAGAAGCCGTTTCACTGCTCTCAGTGTGGGAGGAGCTTCAGTCAGTCAGGAAATCTAAAGAAACACAAGTGTTCTAAAAAGAGTAAAGAACTT	HRCSQCGKSFTTGRNLIIHQRIHTGEKPFHCSQCGRSFSQSGDLKTHQHIHTGEKPFHCSQCGRSFSQSGPLKTHQRIHTGEKPFHCSQCGRSFSQSGPLKTHQRIHTGEKPFHCSQCGRSFSQSGPLKTHQRIHTGEKPFHCSQCGRSFSQSGHLKKHQRIHTGEKPFHCSQCGRSFSQSGPLKTHQRIHTGEKPFHCSQCGRSFSQSGNLKKHKCSKKSKEL	TRNIQGDTQGPTQGPTQGPTQGHKQGPTQGNK
QDT8b	CIBBBGBO	CACCGTTGTTCTCAGTGTGGGAAGAGCTTCACAACAGGGAGAAATCTCATCATACACCAGCGCATTCACACAGGAGAGAAGCCGTTTCACTGCTCTCAGTGTGGGAGGAGCTTCAGTCAGTCAGGAGACTTAAAGACACACCAGCACATTCACACAGGAGAGAAGCCGTTTCACTGCTCTCAGTGTGGGAGGAGCTTCAGTCAGTCAGGACCTCTAAAGACACACCAGCGCATTCACACAGGAGAGAAGCCGTTTCACTGCTCTCAGTGTGGGAGGAGCTTCAGTCAGTCAGGACCTCTAAAGACACACCAGCGCATTCACACAGGAGAGAAGCCGTTTCACTGCTCTCAGTGTGGGAGGAGCTTCAGTCAGTCAGGACCTCTAAAGACACACCAGCGCATTCACACAGGAGAGAAGCCGTTTCACTGCTCTCAGTGTGGGAGGAGCTTCAGTCAGTCAGGACATCTAAAGAAACACCAGCGCATTCACACAGGAGAGAAGCCGTTTCACTGCTCTCAGTGTGGGAGGAGCTTCAGTCAGTCAGGACCTCTAAAGACACACCAGCGCATTCACACAGGAGAGAAGCCGTTTCACTGCTCTCAGTGTGGGAAGAGCTTCAGTCAGTCAGGAAATCTAAAGAAACACAAGTGTTCTAAAAAGAGTAAAGAACTT	HRCSQCGKSFTTGRNLIIHQRIHTGEKPFHCSQCGRSFSQSGDLKTHQHIHTGEKPFHCSQCGRSFSQSGPLKTHQRIHTGEKPFHCSQCGRSFSQSGPLKTHQRIHTGEKPFHCSQCGRSFSQSGPLKTHQRIHTGEKPFHCSQCGRSFSQSGHLKKHQRIHTGEKPFHCSQCGRSFSQSGPLKTHQRIHTGEKPFHCSQCGKSFSQSGNLKKHKCSKKSKEL	TRNIQGDTQGPTQGPTQGPTQGHKQGPTQGNK
QDT8c	CIBBBGEO	CACCGTTGTTCTCAGTGTGGGAAGAGCTTCACAACAGGGAGAAATCTCATCATACACCAGCGCATTCACACAGGAGAGAAGCCGTTTCACTGCTCTCAGTGTGGGAGGAGCTTCAGTCAGTCAGGAGACTTAAAGACACACCAGCACATTCACACAGGAGAGAAGCCGTTTCACTGCTCTCAGTGTGGGAGGAGCTTCAGTCAGTCAGGACCTCTAAAGACACACCAGCGCATTCACACAGGAGAGAAGCCGTTTCACTGCTCTCAGTGTGGGAGGAGCTTCAGTCAGTCAGGACCTCTAAAGACACACCAGCGCATTCACACAGGAGAGAAGCCGTTTCACTGCTCTCAGTGTGGGAGGAGCTTCAGTCAGTCAGGACCTCTAAAGACACACCAGCGCATTCACACAGGAGAGAAGCCGTTTCACTGCTCTCAGTGTGGGAGGAGCTTCAGTCAGTCAGGACATCTAAAGAAACACCAGCGCATTCACACAGGAGAGAAGCCGTTTCACTGCTCTCAGTGTGGGAGGAGCTTCAGTCGGTCAGGACCTCTAAAGACACACCAGCGCATTCACACAGGAGAGAAGCCGTTTCACTGCTCTCAGTGTGGGAAGAGCTTCAGTCAGTCAGGAAATCTAAAGAAACACAAGTGTTCTAAAAAGAGTAAAGAACTT	HRCSQCGKSFTTGRNLIIHQRIHTGEKPFHCSQCGRSFSQSGDLKTHQHIHTGEKPFHCSQCGRSFSQSGPLKTHQRIHTGEKPFHCSQCGRSFSQSGPLKTHQRIHTGEKPFHCSQCGRSFSQSGPLKTHQRIHTGEKPFHCSQCGRSFSQSGHLKKHQRIHTGEKPFHCSQCGRSFSRSGPLKTHQRIHTGEKPFHCSQCGKSFSQSGNLKKHKCSKKSKEL	TRNIQGDTQGPTQGPTQGPTQGHKRGPTQGNK
QDT8d	CAGEAAFO	CACCGTTGTTCTCAGTGTGGGAAGAGCTTCACAACAGGGAGAAATCTCATCATACACCAGCGCATTCACACAGGAGAGAAGCCGTTTCACTGCTCTCAGTGTGGGAGGAGCTTCAGTCAGTCAGGAGACTTAAAGACACACCAGCGCATTCACACAGGAGAGAAGCCGTTTCACTGCTCTCAGTGTGGGAGGAGCTTCAGTCAGTCAGGACATCTAAAGAAACACCAGCGCATTCACACAGGAGAGAAGCCGTTTCACTGCTCTCAGTGTGGGAGGAGCTTCAGTCGGTCAGGACCTCTAAAGACACACCAGCGCATTCACACAGGAGAGAAGCCGTTTCACTGCTCTCAGTGTGGGAGGAGCTTCAGTCAGTCAGGAGACTTAAAGACACACCAGCGCATTCACACAGGAGAGAAGCCGTTTCACTGCTCTCAGTGTGGGAGGAGCTTCAGTCAGTCAGGAGACTTAAAGACACACCAGCGCATTCACACAGGAGAGAAGCCGTTTCACTGCTCTCAGTGTGGGAAGAGCTTCAGTCAGTCAGGAGACTTAAAGACACACCAGCGCATTCACACAGGAGAGAAGCCGTTTCACTGCTCTCAGTGTGGGAAGAGCTTCAGTCAGTCAGGAAATCTAAAGAAACACAAGTGTTCTAAAAAGAGTAAAGAACTT	HRCSQCGKSFTTGRNLIIHQRIHTGEKPFHCSQCGRSFSQSGDLKTHQRIHTGEKPFHCSQCGRSFSQSGHLKKHQRIHTGEKPFHCSQCGRSFSRSGPLKTHQRIHTGEKPFHCSQCGRSFSQSGDLKTHQRIHTGEKPFHCSQCGRSFSQSGDLKTHQRIHTGEKPFHCSQCGKSFSQSGDLKTHQRIHTGEKPFHCSQCGKSFSQSGNLKKHKCSKKSKEL	TRNIQGDTQGHKRGPTQGDTQGDTQGDTQGNK
QDT8e	CAGEAAFM	CACCGTTGTTCTCAGTGTGGGAAGAGCTTCACAACAGGGAGAAATCTCATCATACACCAGCGCATTCACACAGGAGAGAAGCCGTTTCACTGCTCTCAGTGTGGGAGGAGCTTCAGTCAGTCAGGAGACTTAAAGACACACCAGCGCATTCACACAGGAGAGAAGCCGTTTCACTGCTCTCAGTGTGGGAGGAGCTTCAGTCAGTCAGGACATCTAAAGAAACACCAGCGCATTCACACAGGAGAGAAGCCGTTTCACTGCTCTCAGTGTGGGAGGAGCTTCAGTCGGTCAGGACCTCTAAAGACACACCAGCGCATTCACACAGGAGAGAAGCCGTTTCACTGCTCTCAGTGTGGGAGGAGCTTCAGTCAGTCAGGAGACTTAAAGACACACCAGCGCATTCACACAGGAGAGAAGCCGTTTCACTGCTCTCAGTGTGGGAGGAGCTTCAGTCAGTCAGGAGACTTAAAGACACACCAGCGCATTCACACAGGAGAGAAGCCGTTTCACTGCTCTCAGTGTGGGAAGAGCTTCAGTCAGTCAGGAGACTTAAAGACACACCAGCGCATTCACACAGGAGAGAAGCCGTTTCACTGCTCTCAGTGTGGGAGGAGCTTCAGTCAGTCAGGACATCTAAAGAAACACAAGTGTTCTAAAAAGAGTAAAGAACTT	HRCSQCGKSFTTGRNLIIHQRIHTGEKPFHCSQCGRSFSQSGDLKTHQRIHTGEKPFHCSQCGRSFSQSGHLKKHQRIHTGEKPFHCSQCGRSFSRSGPLKTHQRIHTGEKPFHCSQCGRSFSQSGDLKTHQRIHTGEKPFHCSQCGRSFSQSGDLKTHQRIHTGEKPFHCSQCGKSFSQSGDLKTHQRIHTGEKPFHCSQCGRSFSQSGHLKKHKCSKKSKEL	TRNIQGDTQGHKRGPTQGDTQGDTQGDTQGHK
QDT8f	CAAFTFRM	CACCGTTGTTCTCAGTGTGGGAAGAGCTTCACAACAGGGAGAAATCTCATCATACACCAGCGCATTCACACAGGAGAGAAGCCGTTTCACTGCTCTCAGTGTGGGAGGAGCTTCAGTCAGTCAGGAGACTTAAAGACACACCAGCGCATTCACACAGGAGAGAAGCCGTTTCACTGCTCTCAGTGTGGGAGGAGCTTCAGTCAGTCAGGAGACTTAAAGACACACCAGCGCATTCACACAGGAGAGAAGCCGTTTCACTGCTCTCAGTGTGGGAAGAGCTTCAGTCAGTCAGGAGACTTAAAGACACACCAGCGCATTCACACAGGAGAGAAGCCGTTTCACTGCTCTCAGTGTGGGAAGAGCTTCAGTCAGTCAGGACATCTAAAGACACACCAGCGCATTCACACAGGAGAGAAGCCGTTTCACTGCTCTCAGTGTGGGAAGAGCTTCAGTCAGTCAGGAGACTTAAAGACACACCAGCGCATTCACACAGGAGAGAAGCCGTTTCACTGCTCTCAGTGTGGGAAGAGCTTCAGTCAGTCAGGACATCTAAAGAAACACCAGCGCATTCACACAGGAGAGAAGCCGTTTCACTGCTCTCAGTGTGGGAGGAGCTTCAGTCAGTCAGGACATCTAAAGAAACACAAGTGTTCTAAAAAGAGTAAAGAACTT	HRCSQCGKSFTTGRNLIIHQRIHTGEKPFHCSQCGRSFSQSGDLKTHQRIHTGEKPFHCSQCGRSFSQSGDLKTHQRIHTGEKPFHCSQCGKSFSQSGDLKTHQRIHTGEKPFHCSQCGKSFSQSGHLKTHQRIHTGEKPFHCSQCGKSFSQSGDLKTHQRIHTGEKPFHCSQCGKSFSQSGHLKKHQRIHTGEKPFHCSQCGRSFSQSGHLKKHKCSKKSKEL	TRNIQGDTQGDTQGDTQGHTQGDTQGHKQGHK
QDT8g	CAEAAFRM	CACCGTTGTTCTCAGTGTGGGAAGAGCTTCACAACAGGGAGAAATCTCATCATACACCAGCGCATTCACACAGGAGAGAAGCCGTTTCACTGCTCTCAGTGTGGGAGGAGCTTCAGTCAGTCAGGAGACTTAAAGACACACCAGCGCATTCACACAGGAGAGAAGCCGTTTCACTGCTCTCAGTGTGGGAGGAGCTTCAGTCGGTCAGGACCTCTAAAGACACACCAGCGCATTCACACAGGAGAGAAGCCGTTTCACTGCTCTCAGTGTGGGAGGAGCTTCAGTCAGTCAGGAGACTTAAAGACACACCAGCGCATTCACACAGGAGAGAAGCCGTTTCACTGCTCTCAGTGTGGGAGGAGCTTCAGTCAGTCAGGAGACTTAAAGACACACCAGCGCATTCACACAGGAGAGAAGCCGTTTCACTGCTCTCAGTGTGGGAAGAGCTTCAGTCAGTCAGGAGACTTAAAGACACACCAGCGCATTCACACAGGAGAGAAGCCGTTTCACTGCTCTCAGTGTGGGAAGAGCTTCAGTCAGTCAGGACATCTAAAGAAACACCAGCGCATTCACACAGGAGAGAAGCCGTTTCACTGCTCTCAGTGTGGGAGGAGCTTCAGTCAGTCAGGACATCTAAAGAAACACAAGTGTTCTAAAAAGAGTAAAGAACTT	HRCSQCGKSFTTGRNLIIHQRIHTGEKPFHCSQCGRSFSQSGDLKTHQRIHTGEKPFHCSQCGRSFSRSGPLKTHQRIHTGEKPFHCSQCGRSFSQSGDLKTHQRIHTGEKPFHCSQCGRSFSQSGDLKTHQRIHTGEKPFHCSQCGKSFSQSGDLKTHQRIHTGEKPFHCSQCGKSFSQSGHLKKHQRIHTGEKPFHCSQCGRSFSQSGHLKKHKCSKKSKEL	TRNIQGDTRGPTQGDTQGDTQGDTQGHKQGHK
QDT9a	CAGEAAFRM	CACCGTTGTTCTCAGTGTGGGAAGAGCTTCACAACAGGGAGAAATCTCATCATACACCAGCGCATTCACACAGGAGAGAAGCCGTTTCACTGCTCTCAGTGTGGGAGGAGCTTCAGTCAGTCAGGAGACTTAAAGACACACCAGCGCATTCACACAGGAGAGAAGCCGTTTCACTGCTCTCAGTGTGGGAGGAGCTTCAGTCAGTCAGGACATCTAAAGAAACACCAGCGCATTCACACAGGAGAGAAGCCGTTTCACTGCTCTCAGTGTGGGAGGAGCTTCAGTCGGTCAGGACCTCTAAAGACACACCAGCGCATTCACACAGGAGAGAAGCCGTTTCACTGCTCTCAGTGTGGGAGGAGCTTCAGTCAGTCAGGAGACTTAAAGACACACCAGCGCATTCACACAGGAGAGAAGCCGTTTCACTGCTCTCAGTGTGGGAGGAGCTTCAGTCAGTCAGGAGACTTAAAGACACACCAGCGCATTCACACAGGAGAGAAGCCGTTTCACTGCTCTCAGTGTGGGAAGAGCTTCAGTCAGTCAGGAGACTTAAAGACACACCAGCGCATTCACACAGGAGAGAAGCCGTTTCACTGCTCTCAGTGTGGGAAGAGCTTCAGTCAGTCAGGACATCTAAAGAAACACCAGCGCATTCACACAGGAGAGAAGCCGTTTCACTGCTCTCAGTGTGGGAGGAGCTTCAGTCAGTCAGGACATCTAAAGAAACACAAGTGTTCTAAAAAGAGTAAAGAACTT	HRCSQCGKSFTTGRNLIIHQRIHTGEKPFHCSQCGRSFSQSGDLKTHQRIHTGEKPFHCSQCGRSFSQSGHLKKHQRIHTGEKPFHCSQCGRSFSRSGPLKTHQRIHTGEKPFHCSQCGRSFSQSGDLKTHQRIHTGEKPFHCSQCGRSFSQSGDLKTHQRIHTGEKPFHCSQCGKSFSQSGDLKTHQRIHTGEKPFHCSQCGKSFSQSGHLKKHQRIHTGEKPFHCSQCGRSFSQSGHLKKHKCSKKSKEL	TRNIQGDTQGHKRGPTQGDTQGDTQGDTQGHKQGHK
QDT9b	CAGEAAFRD	CACCGTTGTTCTCAGTGTGGGAAGAGCTTCACAACAGGGAGAAATCTCATCATACACCAGCGCATTCACACAGGAGAGAAGCCGTTTCACTGCTCTCAGTGTGGGAGGAGCTTCAGTCAGTCAGGAGACTTAAAGACACACCAGCGCATTCACACAGGAGAGAAGCCGTTTCACTGCTCTCAGTGTGGGAGGAGCTTCAGTCAGTCAGGACATCTAAAGAAACACCAGCGCATTCACACAGGAGAGAAGCCGTTTCACTGCTCTCAGTGTGGGAGGAGCTTCAGTCGGTCAGGACCTCTAAAGACACACCAGCGCATTCACACAGGAGAGAAGCCGTTTCACTGCTCTCAGTGTGGGAGGAGCTTCAGTCAGTCAGGAGACTTAAAGACACACCAGCGCATTCACACAGGAGAGAAGCCGTTTCACTGCTCTCAGTGTGGGAGGAGCTTCAGTCAGTCAGGAGACTTAAAGACACACCAGCGCATTCACACAGGAGAGAAGCCGTTTCACTGCTCTCAGTGTGGGAAGAGCTTCAGTCAGTCAGGAGACTTAAAGACACACCAGCGCATTCACACAGGAGAGAAGCCGTTTCACTGCTCTCAGTGTGGGAAGAGCTTCAGTCAGTCAGGACATCTAAAGAAACACCAGCGCATTCACACAGGAGAGAAGCCGTTTCACTGCTCTCAGTGTGGGAGGAGCTTCAGTCAGTCAGGAAATCTAAAGAAACACAAGTGTTCTAAAAAGAGTAAAGAACTT	HRCSQCGKSFTTGRNLIIHQRIHTGEKPFHCSQCGRSFSQSGDLKTHQRIHTGEKPFHCSQCGRSFSQSGHLKKHQRIHTGEKPFHCSQCGRSFSRSGPLKTHQRIHTGEKPFHCSQCGRSFSQSGDLKTHQRIHTGEKPFHCSQCGRSFSQSGDLKTHQRIHTGEKPFHCSQCGKSFSQSGDLKTHQRIHTGEKPFHCSQCGKSFSQSGHLKKHQRIHTGEKPFHCSQCGRSFSQSGNLKKHKCSKKSKEL	TRNIQGDTQGHKRGPTQGDTQGDTQGDTQGHKQGNK
QDT9c	CAGEAAFRN	CACCGTTGTTCTCAGTGTGGGAAGAGCTTCACAACAGGGAGAAATCTCATCATACACCAGCGCATTCACACAGGAGAGAAGCCGTTTCACTGCTCTCAGTGTGGGAGGAGCTTCAGTCAGTCAGGAGACTTAAAGACACACCAGCGCATTCACACAGGAGAGAAGCCGTTTCACTGCTCTCAGTGTGGGAGGAGCTTCAGTCAGTCAGGACATCTAAAGAAACACCAGCGCATTCACACAGGAGAGAAGCCGTTTCACTGCTCTCAGTGTGGGAGGAGCTTCAGTCGGTCAGGACCTCTAAAGACACACCAGCGCATTCACACAGGAGAGAAGCCGTTTCACTGCTCTCAGTGTGGGAGGAGCTTCAGTCAGTCAGGAGACTTAAAGACACACCAGCGCATTCACACAGGAGAGAAGCCGTTTCACTGCTCTCAGTGTGGGAGGAGCTTCAGTCAGTCAGGAGACTTAAAGACACACCAGCGCATTCACACAGGAGAGAAGCCGTTTCACTGCTCTCAGTGTGGGAAGAGCTTCAGTCAGTCAGGAGACTTAAAGACACACCAGCGCATTCACACAGGAGAGAAGCCGTTTCACTGCTCTCAGTGTGGGAAGAGCTTCAGTCAGTCAGGACATCTAAAGAAACACCAGCGCATTCACACAGGAGAGAAGCCGTTTCACTGCTCTCAGTGTGGGAGGAGCTTCAGTCAGTCAGGACCTCTAAAGAAACACAAGTGTTCTAAAAAGAGTAAAGAACTT	HRCSQCGKSFTTGRNLIIHQRIHTGEKPFHCSQCGRSFSQSGDLKTHQRIHTGEKPFHCSQCGRSFSQSGHLKKHQRIHTGEKPFHCSQCGRSFSRSGPLKTHQRIHTGEKPFHCSQCGRSFSQSGDLKTHQRIHTGEKPFHCSQCGRSFSQSGDLKTHQRIHTGEKPFHCSQCGKSFSQSGDLKTHQRIHTGEKPFHCSQCGKSFSQSGHLKKHQRIHTGEKPFHCSQCGRSFSQSGPLKKHKCSKKSKEL	TRNIQGDTQGHKRGPTQGDTQGDTQGDTQGHKQGPK
QHK10a	CGEEAAAAFD	CACCGTTGTTCTCAGTGTGGGAAGAGCTTCACAACAGGGAGAAATCTCATCATACACCAGCGCATTCACACAGGAGAGAAGCCGTTTCACTGCTCTCAGTGTGGGAGGAGCTTCAGTCAGTCAGGACATCTAAAGAAACACCAGCGCATTCACACAGGAGAGAAGCCGTTTCACTGCTCTCAGTGTGGGAGGAGCTTCAGTCGGTCAGGACCTCTAAAGACACACCAGCGCATTCACACAGGAGAGAAGCCGTTTCACTGCTCTCAGTGTGGGAGGAGCTTCAGTCGGTCAGGACCTCTAAAGACACACCAGCGCATTCACACAGGAGAGAAGCCGTTTCACTGCTCTCAGTGTGGGAGGAGCTTCAGTCAGTCAGGAGACTTAAAGACACACCAGCGCATTCACACAGGAGAGAAGCCGTTTCACTGCTCTCAGTGTGGGAGGAGCTTCAGTCAGTCAGGAGACTTAAAGACACACCAGCGCATTCACACAGGAGAGAAGCCGTTTCACTGCTCTCAGTGTGGGAGGAGCTTCAGTCAGTCAGGAGACTTAAAGACACACCAGCGCATTCACACAGGAGAGAAGCCGTTTCACTGCTCTCAGTGTGGGAGGAGCTTCAGTCAGTCAGGAGACTTAAAGACACACCAGCGCATTCACACAGGAGAGAAGCCGTTTCACTGCTCTCAGTGTGGGAAGAGCTTCAGTCAGTCAGGAGACTTAAAGACACACCAGCGCATTCACACAGGAGAGAAGCCGTTTCACTGCTCTCAGTGTGGGAGGAGCTTCAGTCAGTCAGGAAATCTAAAGAAACACAAGTGTTCTAAAAAGAGTAAAGAACTT	HRCSQCGKSFTTGRNLIIHQRIHTGEKPFHCSQCGRSFSQSGHLKKHQRIHTGEKPFHCSQCGRSFSRSGPLKTHQRIHTGEKPFHCSQCGRSFSRSGPLKTHQRIHTGEKPFHCSQCGRSFSQSGDLKTHQRIHTGEKPFHCSQCGRSFSQSGDLKTHQRIHTGEKPFHCSQCGRSFSQSGDLKTHQRIHTGEKPFHCSQCGRSFSQSGDLKTHQRIHTGEKPFHCSQCGKSFSQSGDLKTHQRIHTGEKPFHCSQCGRSFSQSGNLKKHKCSKKSKEL	TRNIQGHKRGPTRGPTQGDTQGDTQGDTQGDTQGDTQGNK
QHK3a	CGX	CACCGTTGTTCTCAGTGTGGGAAGAGCTTCACAACAGGGAGAAATCTCATCATACACCAGCGCATTCACACAGGAGAGAAGCCGTTTCACTGCTCTCAGTGTGGGAGGAGCTTCAGTCAGTCAGGACATCTAAAGAAACACCAGCGCATTCACACAGGAGAGAAGCCGTTTCACTGCTCTCAGTGTGGGAGGAGCTTCAGTCAGTCAGGACCTCTAAAGACACACAAGTGTTCTAAAAAGAGTAAAGAACTT	HRCSQCGKSFTTGRNLIIHQRIHTGEKPFHCSQCGRSFSQSGHLKKHQRIHTGEKPFHCSQCGRSFSQSGPLKTHKCSKKSKEL	TRNIQGHKQGPT
QHK4a	CGEO	CACCGTTGTTCTCAGTGTGGGAAGAGCTTCACAACAGGGAGAAATCTCATCATACACCAGCGCATTCACACAGGAGAGAAGCCGTTTCACTGCTCTCAGTGTGGGAGGAGCTTCAGTCAGTCAGGACATCTAAAGAAACACCAGCGCATTCACACAGGAGAGAAGCCGTTTCACTGCTCTCAGTGTGGGAGGAGCTTCAGTCGGTCAGGACCTCTAAAGACACACCAGCGCATTCACACAGGAGAGAAGCCGTTTCACTGCTCTCAGTGTGGGAAGAGCTTCAGTCAGTCAGGAAATCTAAAGAAACACAAGTGTTCTAAAAAGAGTAAAGAACTT	HRCSQCGKSFTTGRNLIIHQRIHTGEKPFHCSQCGRSFSQSGHLKKHQRIHTGEKPFHCSQCGRSFSRSGPLKTHQRIHTGEKPFHCSQCGKSFSQSGNLKKHKCSKKSKEL	TRNIQGHKRGPTQGNK
QHK4b	CGFH	CACCGTTGTTCTCAGTGTGGGAAGAGCTTCACAACAGGGAGAAATCTCATCATACACCAGCGCATTCACACAGGAGAGAAGCCGTTTCACTGCTCTCAGTGTGGGAGGAGCTTCAGTCAGTCAGGACATCTAAAGAAACACCAGCGCATTCACACAGGAGAGAAGCCGTTTCACTGCTCTCAGTGTGGGAAGAGCTTCAGTCAGTCAGGAGACTTAAAGACACACCAGCGCATTCACACAGGAGAGAAGCCGTTTCACTGCTCTCAGTGTGGGAAGAGCTTCAGTCAGTCAGGACCTCTAAAGAAACACAAGTGTTCTAAAAAGAGTAAAGAACTT	HRCSQCGKSFTTGRNLIIHQRIHTGEKPFHCSQCGRSFSQSGHLKKHQRIHTGEKPFHCSQCGKSFSQSGDLKTHQRIHTGEKPFHCSQCGKSFSQSGPLKKHKCSKKSKEL	TRNIQGHKQGDTQGPK
QHK4c	CGFN	CACCGTTGTTCTCAGTGTGGGAAGAGCTTCACAACAGGGAGAAATCTCATCATACACCAGCGCATTCACACAGGAGAGAAGCCGTTTCACTGCTCTCAGTGTGGGAGGAGCTTCAGTCAGTCAGGACATCTAAAGAAACACCAGCGCATTCACACAGGAGAGAAGCCGTTTCACTGCTCTCAGTGTGGGAAGAGCTTCAGTCAGTCAGGAGACTTAAAGACACACCAGCGCATTCACACAGGAGAGAAGCCGTTTCACTGCTCTCAGTGTGGGAGGAGCTTCAGTCAGTCAGGACCTCTAAAGAAACACAAGTGTTCTAAAAAGAGTAAAGAACTT	HRCSQCGKSFTTGRNLIIHQRIHTGEKPFHCSQCGRSFSQSGHLKKHQRIHTGEKPFHCSQCGKSFSQSGDLKTHQRIHTGEKPFHCSQCGRSFSQSGPLKKHKCSKKSKEL	TRNIQGHKQGDTQGPK
QHK4d	CGEH	CACCGTTGTTCTCAGTGTGGGAAGAGCTTCACAACAGGGAGAAATCTCATCATACACCAGCGCATTCACACAGGAGAGAAGCCGTTTCACTGCTCTCAGTGTGGGAGGAGCTTCAGTCAGTCAGGACATCTAAAGAAACACCAGCGCATTCACACAGGAGAGAAGCCGTTTCACTGCTCTCAGTGTGGGAGGAGCTTCAGTCGGTCAGGACCTCTAAAGACACACCAGCGCATTCACACAGGAGAGAAGCCGTTTCACTGCTCTCAGTGTGGGAAGAGCTTCAGTCAGTCAGGACCTCTAAAGAAACACAAGTGTTCTAAAAAGAGTAAAGAACTT	HRCSQCGKSFTTGRNLIIHQRIHTGEKPFHCSQCGRSFSQSGHLKKHQRIHTGEKPFHCSQCGRSFSRSGPLKTHQRIHTGEKPFHCSQCGKSFSQSGPLKKHKCSKKSKEL	TRNIQGHKRGPTQGPK
QHK4e	CGED	CACCGTTGTTCTCAGTGTGGGAAGAGCTTCACAACAGGGAGAAATCTCATCATACACCAGCGCATTCACACAGGAGAGAAGCCGTTTCACTGCTCTCAGTGTGGGAGGAGCTTCAGTCAGTCAGGACATCTAAAGAAACACCAGCGCATTCACACAGGAGAGAAGCCGTTTCACTGCTCTCAGTGTGGGAGGAGCTTCAGTCGGTCAGGACCTCTAAAGACACACCAGCGCATTCACACAGGAGAGAAGCCGTTTCACTGCTCTCAGTGTGGGAGGAGCTTCAGTCAGTCAGGAAATCTAAAGAAACACAAGTGTTCTAAAAAGAGTAAAGAACTT	HRCSQCGKSFTTGRNLIIHQRIHTGEKPFHCSQCGRSFSQSGHLKKHQRIHTGEKPFHCSQCGRSFSRSGPLKTHQRIHTGEKPFHCSQCGRSFSQSGNLKKHKCSKKSKEL	TRNIQGHKRGPTQGNK
QHK4f	CGEN	CACCGTTGTTCTCAGTGTGGGAAGAGCTTCACAACAGGGAGAAATCTCATCATACACCAGCGCATTCACACAGGAGAGAAGCCGTTTCACTGCTCTCAGTGTGGGAGGAGCTTCAGTCAGTCAGGACATCTAAAGAAACACCAGCGCATTCACACAGGAGAGAAGCCGTTTCACTGCTCTCAGTGTGGGAGGAGCTTCAGTCGGTCAGGACCTCTAAAGACACACCAGCGCATTCACACAGGAGAGAAGCCGTTTCACTGCTCTCAGTGTGGGAGGAGCTTCAGTCAGTCAGGACCTCTAAAGAAACACAAGTGTTCTAAAAAGAGTAAAGAACTT	HRCSQCGKSFTTGRNLIIHQRIHTGEKPFHCSQCGRSFSQSGHLKKHQRIHTGEKPFHCSQCGRSFSRSGPLKTHQRIHTGEKPFHCSQCGRSFSQSGPLKKHKCSKKSKEL	TRNIQGHKRGPTQGPK
QHK5a	CGFFH	CACCGTTGTTCTCAGTGTGGGAAGAGCTTCACAACAGGGAGAAATCTCATCATACACCAGCGCATTCACACAGGAGAGAAGCCGTTTCACTGCTCTCAGTGTGGGAGGAGCTTCAGTCAGTCAGGACATCTAAAGAAACACCAGCGCATTCACACAGGAGAGAAGCCGTTTCACTGCTCTCAGTGTGGGAAGAGCTTCAGTCAGTCAGGAGACTTAAAGACACACCAGCGCATTCACACAGGAGAGAAGCCGTTTCACTGCTCTCAGTGTGGGAAGAGCTTCAGTCAGTCAGGAGACTTAAAGACACACCAGCGCATTCACACAGGAGAGAAGCCGTTTCACTGCTCTCAGTGTGGGAAGAGCTTCAGTCAGTCAGGACCTCTAAAGAAACACAAGTGTTCTAAAAAGAGTAAAGAACTT	HRCSQCGKSFTTGRNLIIHQRIHTGEKPFHCSQCGRSFSQSGHLKKHQRIHTGEKPFHCSQCGKSFSQSGDLKTHQRIHTGEKPFHCSQCGKSFSQSGDLKTHQRIHTGEKPFHCSQCGKSFSQSGPLKKHKCSKKSKEL	TRNIQGHKQGDTQGDTQGPK
QHK5b	CGFFN	CACCGTTGTTCTCAGTGTGGGAAGAGCTTCACAACAGGGAGAAATCTCATCATACACCAGCGCATTCACACAGGAGAGAAGCCGTTTCACTGCTCTCAGTGTGGGAGGAGCTTCAGTCAGTCAGGACATCTAAAGAAACACCAGCGCATTCACACAGGAGAGAAGCCGTTTCACTGCTCTCAGTGTGGGAAGAGCTTCAGTCAGTCAGGAGACTTAAAGACACACCAGCGCATTCACACAGGAGAGAAGCCGTTTCACTGCTCTCAGTGTGGGAAGAGCTTCAGTCAGTCAGGAGACTTAAAGACACACCAGCGCATTCACACAGGAGAGAAGCCGTTTCACTGCTCTCAGTGTGGGAGGAGCTTCAGTCAGTCAGGACCTCTAAAGAAACACAAGTGTTCTAAAAAGAGTAAAGAACTT	HRCSQCGKSFTTGRNLIIHQRIHTGEKPFHCSQCGRSFSQSGHLKKHQRIHTGEKPFHCSQCGKSFSQSGDLKTHQRIHTGEKPFHCSQCGKSFSQSGDLKTHQRIHTGEKPFHCSQCGRSFSQSGPLKKHKCSKKSKEL	TRNIQGHKQGDTQGDTQGPK
QHK5c	CGFFX	CACCGTTGTTCTCAGTGTGGGAAGAGCTTCACAACAGGGAGAAATCTCATCATACACCAGCGCATTCACACAGGAGAGAAGCCGTTTCACTGCTCTCAGTGTGGGAGGAGCTTCAGTCAGTCAGGACATCTAAAGAAACACCAGCGCATTCACACAGGAGAGAAGCCGTTTCACTGCTCTCAGTGTGGGAAGAGCTTCAGTCAGTCAGGAGACTTAAAGACACACCAGCGCATTCACACAGGAGAGAAGCCGTTTCACTGCTCTCAGTGTGGGAAGAGCTTCAGTCAGTCAGGAGACTTAAAGACACACCAGCGCATTCACACAGGAGAGAAGCCGTTTCACTGCTCTCAGTGTGGGAGGAGCTTCAGTCAGTCAGGACCTCTAAAGACACACAAGTGTTCTAAAAAGAGTAAAGAACTT	HRCSQCGKSFTTGRNLIIHQRIHTGEKPFHCSQCGRSFSQSGHLKKHQRIHTGEKPFHCSQCGKSFSQSGDLKTHQRIHTGEKPFHCSQCGKSFSQSGDLKTHQRIHTGEKPFHCSQCGRSFSQSGPLKTHKCSKKSKEL	TRNIQGHKQGDTQGDTQGPT
QHK5d	CGFAD	CACCGTTGTTCTCAGTGTGGGAAGAGCTTCACAACAGGGAGAAATCTCATCATACACCAGCGCATTCACACAGGAGAGAAGCCGTTTCACTGCTCTCAGTGTGGGAGGAGCTTCAGTCAGTCAGGACATCTAAAGAAACACCAGCGCATTCACACAGGAGAGAAGCCGTTTCACTGCTCTCAGTGTGGGAAGAGCTTCAGTCAGTCAGGAGACTTAAAGACACACCAGCGCATTCACACAGGAGAGAAGCCGTTTCACTGCTCTCAGTGTGGGAGGAGCTTCAGTCAGTCAGGAGACTTAAAGACACACCAGCGCATTCACACAGGAGAGAAGCCGTTTCACTGCTCTCAGTGTGGGAGGAGCTTCAGTCAGTCAGGAAATCTAAAGAAACACAAGTGTTCTAAAAAGAGTAAAGAACTT	HRCSQCGKSFTTGRNLIIHQRIHTGEKPFHCSQCGRSFSQSGHLKKHQRIHTGEKPFHCSQCGKSFSQSGDLKTHQRIHTGEKPFHCSQCGRSFSQSGDLKTHQRIHTGEKPFHCSQCGRSFSQSGNLKKHKCSKKSKEL	TRNIQGHKQGDTQGDTQGNK
QHK6a	CGGFFH	CACCGTTGTTCTCAGTGTGGGAAGAGCTTCACAACAGGGAGAAATCTCATCATACACCAGCGCATTCACACAGGAGAGAAGCCGTTTCACTGCTCTCAGTGTGGGAGGAGCTTCAGTCAGTCAGGACATCTAAAGAAACACCAGCGCATTCACACAGGAGAGAAGCCGTTTCACTGCTCTCAGTGTGGGAGGAGCTTCAGTCAGTCAGGACATCTAAAGAAACACCAGCGCATTCACACAGGAGAGAAGCCGTTTCACTGCTCTCAGTGTGGGAAGAGCTTCAGTCAGTCAGGAGACTTAAAGACACACCAGCGCATTCACACAGGAGAGAAGCCGTTTCACTGCTCTCAGTGTGGGAAGAGCTTCAGTCAGTCAGGAGACTTAAAGACACACCAGCGCATTCACACAGGAGAGAAGCCGTTTCACTGCTCTCAGTGTGGGAAGAGCTTCAGTCAGTCAGGACCTCTAAAGAAACACAAGTGTTCTAAAAAGAGTAAAGAACTT	HRCSQCGKSFTTGRNLIIHQRIHTGEKPFHCSQCGRSFSQSGHLKKHQRIHTGEKPFHCSQCGRSFSQSGHLKKHQRIHTGEKPFHCSQCGKSFSQSGDLKTHQRIHTGEKPFHCSQCGKSFSQSGDLKTHQRIHTGEKPFHCSQCGKSFSQSGPLKKHKCSKKSKEL	TRNIQGHKQGHKQGDTQGDTQGPK
QHK6b	CGGFFN	CACCGTTGTTCTCAGTGTGGGAAGAGCTTCACAACAGGGAGAAATCTCATCATACACCAGCGCATTCACACAGGAGAGAAGCCGTTTCACTGCTCTCAGTGTGGGAGGAGCTTCAGTCAGTCAGGACATCTAAAGAAACACCAGCGCATTCACACAGGAGAGAAGCCGTTTCACTGCTCTCAGTGTGGGAGGAGCTTCAGTCAGTCAGGACATCTAAAGAAACACCAGCGCATTCACACAGGAGAGAAGCCGTTTCACTGCTCTCAGTGTGGGAAGAGCTTCAGTCAGTCAGGAGACTTAAAGACACACCAGCGCATTCACACAGGAGAGAAGCCGTTTCACTGCTCTCAGTGTGGGAAGAGCTTCAGTCAGTCAGGAGACTTAAAGACACACCAGCGCATTCACACAGGAGAGAAGCCGTTTCACTGCTCTCAGTGTGGGAGGAGCTTCAGTCAGTCAGGACCTCTAAAGAAACACAAGTGTTCTAAAAAGAGTAAAGAACTT	HRCSQCGKSFTTGRNLIIHQRIHTGEKPFHCSQCGRSFSQSGHLKKHQRIHTGEKPFHCSQCGRSFSQSGHLKKHQRIHTGEKPFHCSQCGKSFSQSGDLKTHQRIHTGEKPFHCSQCGKSFSQSGDLKTHQRIHTGEKPFHCSQCGRSFSQSGPLKKHKCSKKSKEL	TRNIQGHKQGHKQGDTQGDTQGPK
QHK6c	CGEAFD	CACCGTTGTTCTCAGTGTGGGAAGAGCTTCACAACAGGGAGAAATCTCATCATACACCAGCGCATTCACACAGGAGAGAAGCCGTTTCACTGCTCTCAGTGTGGGAGGAGCTTCAGTCAGTCAGGACATCTAAAGAAACACCAGCGCATTCACACAGGAGAGAAGCCGTTTCACTGCTCTCAGTGTGGGAGGAGCTTCAGTCGGTCAGGACCTCTAAAGACACACCAGCGCATTCACACAGGAGAGAAGCCGTTTCACTGCTCTCAGTGTGGGAGGAGCTTCAGTCAGTCAGGAGACTTAAAGACACACCAGCGCATTCACACAGGAGAGAAGCCGTTTCACTGCTCTCAGTGTGGGAAGAGCTTCAGTCAGTCAGGAGACTTAAAGACACACCAGCGCATTCACACAGGAGAGAAGCCGTTTCACTGCTCTCAGTGTGGGAGGAGCTTCAGTCAGTCAGGAAATCTAAAGAAACACAAGTGTTCTAAAAAGAGTAAAGAACTT	HRCSQCGKSFTTGRNLIIHQRIHTGEKPFHCSQCGRSFSQSGHLKKHQRIHTGEKPFHCSQCGRSFSRSGPLKTHQRIHTGEKPFHCSQCGRSFSQSGDLKTHQRIHTGEKPFHCSQCGKSFSQSGDLKTHQRIHTGEKPFHCSQCGRSFSQSGNLKKHKCSKKSKEL	TRNIQGHKRGPTQGDTQGDTQGNK
QHK6d	CGEEFD	CACCGTTGTTCTCAGTGTGGGAAGAGCTTCACAACAGGGAGAAATCTCATCATACACCAGCGCATTCACACAGGAGAGAAGCCGTTTCACTGCTCTCAGTGTGGGAGGAGCTTCAGTCAGTCAGGACATCTAAAGAAACACCAGCGCATTCACACAGGAGAGAAGCCGTTTCACTGCTCTCAGTGTGGGAGGAGCTTCAGTCGGTCAGGACCTCTAAAGACACACCAGCGCATTCACACAGGAGAGAAGCCGTTTCACTGCTCTCAGTGTGGGAGGAGCTTCAGTCGGTCAGGACCTCTAAAGACACACCAGCGCATTCACACAGGAGAGAAGCCGTTTCACTGCTCTCAGTGTGGGAAGAGCTTCAGTCAGTCAGGAGACTTAAAGACACACCAGCGCATTCACACAGGAGAGAAGCCGTTTCACTGCTCTCAGTGTGGGAGGAGCTTCAGTCAGTCAGGAAATCTAAAGAAACACAAGTGTTCTAAAAAGAGTAAAGAACTT	HRCSQCGKSFTTGRNLIIHQRIHTGEKPFHCSQCGRSFSQSGHLKKHQRIHTGEKPFHCSQCGRSFSRSGPLKTHQRIHTGEKPFHCSQCGRSFSRSGPLKTHQRIHTGEKPFHCSQCGKSFSQSGDLKTHQRIHTGEKPFHCSQCGRSFSQSGNLKKHKCSKKSKEL	TRNIQGHKRGPTRGPTQGDTQGNK
QHK7a	CGFFAFN	CACCGTTGTTCTCAGTGTGGGAAGAGCTTCACAACAGGGAGAAATCTCATCATACACCAGCGCATTCACACAGGAGAGAAGCCGTTTCACTGCTCTCAGTGTGGGAGGAGCTTCAGTCAGTCAGGACATCTAAAGAAACACCAGCGCATTCACACAGGAGAGAAGCCGTTTCACTGCTCTCAGTGTGGGAAGAGCTTCAGTCAGTCAGGAGACTTAAAGACACACCAGCGCATTCACACAGGAGAGAAGCCGTTTCACTGCTCTCAGTGTGGGAAGAGCTTCAGTCAGTCAGGAGACTTAAAGACACACCAGCGCATTCACACAGGAGAGAAGCCGTTTCACTGCTCTCAGTGTGGGAGGAGCTTCAGTCAGTCAGGAGACTTAAAGACACACCAGCGCATTCACACAGGAGAGAAGCCGTTTCACTGCTCTCAGTGTGGGAAGAGCTTCAGTCAGTCAGGAGACTTAAAGACACACCAGCGCATTCACACAGGAGAGAAGCCGTTTCACTGCTCTCAGTGTGGGAGGAGCTTCAGTCAGTCAGGACCTCTAAAGAAACACAAGTGTTCTAAAAAGAGTAAAGAACTT	HRCSQCGKSFTTGRNLIIHQRIHTGEKPFHCSQCGRSFSQSGHLKKHQRIHTGEKPFHCSQCGKSFSQSGDLKTHQRIHTGEKPFHCSQCGKSFSQSGDLKTHQRIHTGEKPFHCSQCGRSFSQSGDLKTHQRIHTGEKPFHCSQCGKSFSQSGDLKTHQRIHTGEKPFHCSQCGRSFSQSGPLKKHKCSKKSKEL	TRNIQGHKQGDTQGDTQGDTQGDTQGPK
QHK7b	CGEAAFD	CACCGTTGTTCTCAGTGTGGGAAGAGCTTCACAACAGGGAGAAATCTCATCATACACCAGCGCATTCACACAGGAGAGAAGCCGTTTCACTGCTCTCAGTGTGGGAGGAGCTTCAGTCAGTCAGGACATCTAAAGAAACACCAGCGCATTCACACAGGAGAGAAGCCGTTTCACTGCTCTCAGTGTGGGAGGAGCTTCAGTCGGTCAGGACCTCTAAAGACACACCAGCGCATTCACACAGGAGAGAAGCCGTTTCACTGCTCTCAGTGTGGGAGGAGCTTCAGTCAGTCAGGAGACTTAAAGACACACCAGCGCATTCACACAGGAGAGAAGCCGTTTCACTGCTCTCAGTGTGGGAGGAGCTTCAGTCAGTCAGGAGACTTAAAGACACACCAGCGCATTCACACAGGAGAGAAGCCGTTTCACTGCTCTCAGTGTGGGAAGAGCTTCAGTCAGTCAGGAGACTTAAAGACACACCAGCGCATTCACACAGGAGAGAAGCCGTTTCACTGCTCTCAGTGTGGGAGGAGCTTCAGTCAGTCAGGAAATCTAAAGAAACACAAGTGTTCTAAAAAGAGTAAAGAACTT	HRCSQCGKSFTTGRNLIIHQRIHTGEKPFHCSQCGRSFSQSGHLKKHQRIHTGEKPFHCSQCGRSFSRSGPLKTHQRIHTGEKPFHCSQCGRSFSQSGDLKTHQRIHTGEKPFHCSQCGRSFSQSGDLKTHQRIHTGEKPFHCSQCGKSFSQSGDLKTHQRIHTGEKPFHCSQCGRSFSQSGNLKKHKCSKKSKEL	TRNIQGHKRGPTQGDTQGDTQGDTQGNK
QHK7c	CGEEAAD	CACCGTTGTTCTCAGTGTGGGAAGAGCTTCACAACAGGGAGAAATCTCATCATACACCAGCGCATTCACACAGGAGAGAAGCCGTTTCACTGCTCTCAGTGTGGGAGGAGCTTCAGTCAGTCAGGACATCTAAAGAAACACCAGCGCATTCACACAGGAGAGAAGCCGTTTCACTGCTCTCAGTGTGGGAGGAGCTTCAGTCGGTCAGGACCTCTAAAGACACACCAGCGCATTCACACAGGAGAGAAGCCGTTTCACTGCTCTCAGTGTGGGAGGAGCTTCAGTCGGTCAGGACCTCTAAAGACACACCAGCGCATTCACACAGGAGAGAAGCCGTTTCACTGCTCTCAGTGTGGGAGGAGCTTCAGTCAGTCAGGAGACTTAAAGACACACCAGCGCATTCACACAGGAGAGAAGCCGTTTCACTGCTCTCAGTGTGGGAGGAGCTTCAGTCAGTCAGGAGACTTAAAGACACACCAGCGCATTCACACAGGAGAGAAGCCGTTTCACTGCTCTCAGTGTGGGAGGAGCTTCAGTCAGTCAGGAAATCTAAAGAAACACAAGTGTTCTAAAAAGAGTAAAGAACTT	HRCSQCGKSFTTGRNLIIHQRIHTGEKPFHCSQCGRSFSQSGHLKKHQRIHTGEKPFHCSQCGRSFSRSGPLKTHQRIHTGEKPFHCSQCGRSFSRSGPLKTHQRIHTGEKPFHCSQCGRSFSQSGDLKTHQRIHTGEKPFHCSQCGRSFSQSGDLKTHQRIHTGEKPFHCSQCGRSFSQSGNLKKHKCSKKSKEL	TRNIQGHKRGPTRGPTQGDTQGDTQGNK
QHK8a	CWSEAAFD	CACCGTTGTTCTCAGTGTGGGAAGAGCTTCACAACAGGGAGAAATCTCATCATACACCAGCGCATTCACACAGGAGAGAAGCCGTTTCACTGCTCTCAGTGTGGGAGGAGCTTCAGTCAGTCAGGACATCTAAAGAAACACAAGCGCATTCACACAGGAGAGAAGCCGTTTCACTGCTCCCAGTGTGGGAGGAGCTTCAGTCGGTCAGGACCTCTAAAGACACACCAGCGCATTCACACAGGAGAGAAGCCGTTTCACTGCTCTCAGTGTGGGAGGAGCTTCAGTCGGTCAGGACCTCTAAAGACACACCAGCGCATTCACACAGGAGAGAAGCCGTTTCACTGCTCTCAGTGTGGGAGGAGCTTCAGTCAGTCAGGAGACTTAAAGACACACCAGCGCATTCACACAGGAGAGAAGCCGTTTCACTGCTCTCAGTGTGGGAGGAGCTTCAGTCAGTCAGGAGACTTAAAGACACACCAGCGCATTCACACAGGAGAGAAGCCGTTTCACTGCTCTCAGTGTGGGAAGAGCTTCAGTCAGTCAGGAGACTTAAAGACACACCAGCGCATTCACACAGGAGAGAAGCCGTTTCACTGCTCTCAGTGTGGGAGGAGCTTCAGTCAGTCAGGAAATCTAAAGAAACACAAGTGTTCTAAAAAGAGTAAAGAACTT	HRCSQCGKSFTTGRNLIIHQRIHTGEKPFHCSQCGRSFSQSGHLKKHKRIHTGEKPFHCSQCGRSFSRSGPLKTHQRIHTGEKPFHCSQCGRSFSRSGPLKTHQRIHTGEKPFHCSQCGRSFSQSGDLKTHQRIHTGEKPFHCSQCGRSFSQSGDLKTHQRIHTGEKPFHCSQCGKSFSQSGDLKTHQRIHTGEKPFHCSQCGRSFSQSGNLKKHKCSKKSKEL	TRNIQGHKRGPTRGPTQGDTQGDTQGDTQGNK
QHK8b	CGEEAAFD	CACCGTTGTTCTCAGTGTGGGAAGAGCTTCACAACAGGGAGAAATCTCATCATACACCAGCGCATTCACACAGGAGAGAAGCCGTTTCACTGCTCTCAGTGTGGGAGGAGCTTCAGTCAGTCAGGACATCTAAAGAAACACCAGCGCATTCACACAGGAGAGAAGCCGTTTCACTGCTCTCAGTGTGGGAGGAGCTTCAGTCGGTCAGGACCTCTAAAGACACACCAGCGCATTCACACAGGAGAGAAGCCGTTTCACTGCTCTCAGTGTGGGAGGAGCTTCAGTCGGTCAGGACCTCTAAAGACACACCAGCGCATTCACACAGGAGAGAAGCCGTTTCACTGCTCTCAGTGTGGGAGGAGCTTCAGTCAGTCAGGAGACTTAAAGACACACCAGCGCATTCACACAGGAGAGAAGCCGTTTCACTGCTCTCAGTGTGGGAGGAGCTTCAGTCAGTCAGGAGACTTAAAGACACACCAGCGCATTCACACAGGAGAGAAGCCGTTTCACTGCTCTCAGTGTGGGAAGAGCTTCAGTCAGTCAGGAGACTTAAAGACACACCAGCGCATTCACACAGGAGAGAAGCCGTTTCACTGCTCTCAGTGTGGGAGGAGCTTCAGTCAGTCAGGAAATCTAAAGAAACACAAGTGTTCTAAAAAGAGTAAAGAACTT	HRCSQCGKSFTTGRNLIIHQRIHTGEKPFHCSQCGRSFSQSGHLKKHQRIHTGEKPFHCSQCGRSFSRSGPLKTHQRIHTGEKPFHCSQCGRSFSRSGPLKTHQRIHTGEKPFHCSQCGRSFSQSGDLKTHQRIHTGEKPFHCSQCGRSFSQSGDLKTHQRIHTGEKPFHCSQCGKSFSQSGDLKTHQRIHTGEKPFHCSQCGRSFSQSGNLKKHKCSKKSKEL	TRNIQGHKRGPTRGPTQGDTQGDTQGDTQGNK
QHK9a	CREFFF1ZD	CACCGTTGTTCTCAGTGTGGGAAGAGCTTCACAACAGGGAGAAATCTCATCATACACCAGCGCATTCACACAGGAGAGAAGCCGTTTCACTGCTCTCAGTGTGGGAAGAGCTTCAGTCAGTCAGGACATCTAAAGAAACACCAGCGCATTCACACAGGAGAGAAGCCGTTTCACTGCTCTCAGTGTGGGAGGAGCTTCAGTCGGTCAGGACCTCTAAAGACACACCAGCGCATTCACACAGGAGAGAAGCCGTTTCACTGCTCTCAGTGTGGGAAGAGCTTCAGTCAGTCAGGAGACTTAAAGACACACCAGCGCATTCACACAGGAGAGAAGCCGTTTCACTGCTCTCAGTGTGGGAAGAGCTTCAGTCAGTCAGGAGACTTAAAGACACACCAGCGCATTCACACAGGAGAGAAGCCGTTTCACTGCTCTCAGTGTGGGAAGAGCTTCAGTCAGTCAGGAGACTTAAAGACACACCAGCGCATTCACACAGGAGAGAAGCCGTTTCACTGCTCTCAGTGTGGGAGGAGCTTCAGTCGGTCAGGACATCTAAAGACACACCAGCGCATTCACACAGGAGAGAAGCCGTTTCACTGCTCTCAGTGTGGGAGGAGCTTCAGTCGGTCAGGACATCTAAAGAAACACCAGCGCATTCACACAGGAGAGAAGCCGTTTCACTGCTCTCAGTGTGGGAGGAGCTTCAGTCAGTCAGGAAATCTAAAGAAACACAAGTGTTCTAAAAAGAGTAAAGAACTT	HRCSQCGKSFTTGRNLIIHQRIHTGEKPFHCSQCGKSFSQSGHLKKHQRIHTGEKPFHCSQCGRSFSRSGPLKTHQRIHTGEKPFHCSQCGKSFSQSGDLKTHQRIHTGEKPFHCSQCGKSFSQSGDLKTHQRIHTGEKPFHCSQCGKSFSQSGDLKTHQRIHTGEKPFHCSQCGRSFSRSGHLKTHQRIHTGEKPFHCSQCGRSFSRSGHLKKHQRIHTGEKPFHCSQCGRSFSQSGNLKKHKCSKKSKEL	TRNIQGHKRGPTQGDTQGDTQGDTRGHTRGHKQGNK
QHK9b	CREFFF1ED	CACCGTTGTTCTCAGTGTGGGAAGAGCTTCACAACAGGGAGAAATCTCATCATACACCAGCGCATTCACACAGGAGAGAAGCCGTTTCACTGCTCTCAGTGTGGGAAGAGCTTCAGTCAGTCAGGACATCTAAAGAAACACCAGCGCATTCACACAGGAGAGAAGCCGTTTCACTGCTCTCAGTGTGGGAGGAGCTTCAGTCGGTCAGGACCTCTAAAGACACACCAGCGCATTCACACAGGAGAGAAGCCGTTTCACTGCTCTCAGTGTGGGAAGAGCTTCAGTCAGTCAGGAGACTTAAAGACACACCAGCGCATTCACACAGGAGAGAAGCCGTTTCACTGCTCTCAGTGTGGGAAGAGCTTCAGTCAGTCAGGAGACTTAAAGACACACCAGCGCATTCACACAGGAGAGAAGCCGTTTCACTGCTCTCAGTGTGGGAAGAGCTTCAGTCAGTCAGGAGACTTAAAGACACACCAGCGCATTCACACAGGAGAGAAGCCGTTTCACTGCTCTCAGTGTGGGAGGAGCTTCAGTCGGTCAGGACATCTAAAGACACACCAGCGCATTCACACAGGAGAGAAGCCGTTTCACTGCTCTCAGTGTGGGAGGAGCTTCAGTCGGTCAGGACCTCTAAAGACACACCAGCGCATTCACACAGGAGAGAAGCCGTTTCACTGCTCTCAGTGTGGGAGGAGCTTCAGTCAGTCAGGAAATCTAAAGAAACACAAGTGTTCTAAAAAGAGTAAAGAACTT	HRCSQCGKSFTTGRNLIIHQRIHTGEKPFHCSQCGKSFSQSGHLKKHQRIHTGEKPFHCSQCGRSFSRSGPLKTHQRIHTGEKPFHCSQCGKSFSQSGDLKTHQRIHTGEKPFHCSQCGKSFSQSGDLKTHQRIHTGEKPFHCSQCGKSFSQSGDLKTHQRIHTGEKPFHCSQCGRSFSRSGHLKTHQRIHTGEKPFHCSQCGRSFSRSGPLKTHQRIHTGEKPFHCSQCGRSFSQSGNLKKHKCSKKSKEL	TRNIQGHKRGPTQGDTQGDTQGDTRGHTRGPTQGNK
QHT8a	CLEEAAFD	CACCGTTGTTCTCAGTGTGGGAAGAGCTTCACAACAGGGAGAAATCTCATCATACACCAGCGCATTCACACAGGAGAGAAGCCGTTTCACTGCTCTCAGTGTGGGAGGAGCTTCAGTCAGTCAGGACATCTAAAGACACACCAGCGCATTCACACAGGAGAGAAGCCGTTTCACTGCTCTCAGTGTGGGAGGAGCTTCAGTCGGTCAGGACCTCTAAAGACACACCAGCGCATTCACACAGGAGAGAAGCCGTTTCACTGCTCTCAGTGTGGGAGGAGCTTCAGTCGGTCAGGACCTCTAAAGACACACCAGCGCATTCACACAGGAGAGAAGCCGTTTCACTGCTCTCAGTGTGGGAGGAGCTTCAGTCAGTCAGGAGACTTAAAGACACACCAGCGCATTCACACAGGAGAGAAGCCGTTTCACTGCTCTCAGTGTGGGAGGAGCTTCAGTCAGTCAGGAGACTTAAAGACACACCAGCGCATTCACACAGGAGAGAAGCCGTTTCACTGCTCTCAGTGTGGGAAGAGCTTCAGTCAGTCAGGAGACTTAAAGACACACCAGCGCATTCACACAGGAGAGAAGCCGTTTCACTGCTCTCAGTGTGGGAGGAGCTTCAGTCAGTCAGGAAATCTAAAGAAACACAAGTGTTCTAAAAAGAGTAAAGAACTT	HRCSQCGKSFTTGRNLIIHQRIHTGEKPFHCSQCGRSFSQSGHLKTHQRIHTGEKPFHCSQCGRSFSRSGPLKTHQRIHTGEKPFHCSQCGRSFSRSGPLKTHQRIHTGEKPFHCSQCGRSFSQSGDLKTHQRIHTGEKPFHCSQCGRSFSQSGDLKTHQRIHTGEKPFHCSQCGKSFSQSGDLKTHQRIHTGEKPFHCSQCGRSFSQSGNLKKHKCSKKSKEL	TRNIQGHTRGPTRGPTQGDTQGDTQGDTQGNK
QHT8b	CLEEAAAD	CACCGTTGTTCTCAGTGTGGGAAGAGCTTCACAACAGGGAGAAATCTCATCATACACCAGCGCATTCACACAGGAGAGAAGCCGTTTCACTGCTCTCAGTGTGGGAGGAGCTTCAGTCAGTCAGGACATCTAAAGACACACCAGCGCATTCACACAGGAGAGAAGCCGTTTCACTGCTCTCAGTGTGGGAGGAGCTTCAGTCGGTCAGGACCTCTAAAGACACACCAGCGCATTCACACAGGAGAGAAGCCGTTTCACTGCTCTCAGTGTGGGAGGAGCTTCAGTCGGTCAGGACCTCTAAAGACACACCAGCGCATTCACACAGGAGAGAAGCCGTTTCACTGCTCTCAGTGTGGGAGGAGCTTCAGTCAGTCAGGAGACTTAAAGACACACCAGCGCATTCACACAGGAGAGAAGCCGTTTCACTGCTCTCAGTGTGGGAGGAGCTTCAGTCAGTCAGGAGACTTAAAGACACACCAGCGCATTCACACAGGAGAGAAGCCGTTTCACTGCTCTCAGTGTGGGAGGAGCTTCAGTCAGTCAGGAGACTTAAAGACACACCAGCGCATTCACACAGGAGAGAAGCCGTTTCACTGCTCTCAGTGTGGGAGGAGCTTCAGTCAGTCAGGAAATCTAAAGAAACACAAGTGTTCTAAAAAGAGTAAAGAACTT	HRCSQCGKSFTTGRNLIIHQRIHTGEKPFHCSQCGRSFSQSGHLKTHQRIHTGEKPFHCSQCGRSFSRSGPLKTHQRIHTGEKPFHCSQCGRSFSRSGPLKTHQRIHTGEKPFHCSQCGRSFSQSGDLKTHQRIHTGEKPFHCSQCGRSFSQSGDLKTHQRIHTGEKPFHCSQCGRSFSQSGDLKTHQRIHTGEKPFHCSQCGRSFSQSGNLKKHKCSKKSKEL	TRNIQGHTRGPTRGPTQGDTQGDTQGDTQGNK
QPT5a	CBGED	CACCGTTGTTCTCAGTGTGGGAAGAGCTTCACAACAGGGAGAAATCTCATCATACACCAGCGCATTCACACAGGAGAGAAGCCGTTTCACTGCTCTCAGTGTGGGAGGAGCTTCAGTCAGTCAGGACCTCTAAAGACACACCAGCGCATTCACACAGGAGAGAAGCCGTTTCACTGCTCTCAGTGTGGGAGGAGCTTCAGTCAGTCAGGACATCTAAAGAAACACCAGCGCATTCACACAGGAGAGAAGCCGTTTCACTGCTCTCAGTGTGGGAGGAGCTTCAGTCGGTCAGGACCTCTAAAGACACACCAGCGCATTCACACAGGAGAGAAGCCGTTTCACTGCTCTCAGTGTGGGAGGAGCTTCAGTCAGTCAGGAAATCTAAAGAAACACAAGTGTTCTAAAAAGAGTAAAGAACTT	HRCSQCGKSFTTGRNLIIHQRIHTGEKPFHCSQCGRSFSQSGPLKTHQRIHTGEKPFHCSQCGRSFSQSGHLKKHQRIHTGEKPFHCSQCGRSFSRSGPLKTHQRIHTGEKPFHCSQCGRSFSQSGNLKKHKCSKKSKEL	TRNIQGPTQGHKRGPTQGNK
QPT8a	CBEEAAFD	CACCGTTGTTCTCAGTGTGGGAAGAGCTTCACAACAGGGAGAAATCTCATCATACACCAGCGCATTCACACAGGAGAGAAGCCGTTTCACTGCTCTCAGTGTGGGAGGAGCTTCAGTCAGTCAGGACCTCTAAAGACACACCAGCGCATTCACACAGGAGAGAAGCCGTTTCACTGCTCTCAGTGTGGGAGGAGCTTCAGTCGGTCAGGACCTCTAAAGACACACCAGCGCATTCACACAGGAGAGAAGCCGTTTCACTGCTCTCAGTGTGGGAGGAGCTTCAGTCGGTCAGGACCTCTAAAGACACACCAGCGCATTCACACAGGAGAGAAGCCGTTTCACTGCTCTCAGTGTGGGAGGAGCTTCAGTCAGTCAGGAGACTTAAAGACACACCAGCGCATTCACACAGGAGAGAAGCCGTTTCACTGCTCTCAGTGTGGGAGGAGCTTCAGTCAGTCAGGAGACTTAAAGACACACCAGCGCATTCACACAGGAGAGAAGCCGTTTCACTGCTCTCAGTGTGGGAAGAGCTTCAGTCAGTCAGGAGACTTAAAGACACACCAGCGCATTCACACAGGAGAGAAGCCGTTTCACTGCTCTCAGTGTGGGAGGAGCTTCAGTCAGTCAGGAAATCTAAAGAAACACAAGTGTTCTAAAAAGAGTAAAGAACTT	HRCSQCGKSFTTGRNLIIHQRIHTGEKPFHCSQCGRSFSQSGPLKTHQRIHTGEKPFHCSQCGRSFSRSGPLKTHQRIHTGEKPFHCSQCGRSFSRSGPLKTHQRIHTGEKPFHCSQCGRSFSQSGDLKTHQRIHTGEKPFHCSQCGRSFSQSGDLKTHQRIHTGEKPFHCSQCGKSFSQSGDLKTHQRIHTGEKPFHCSQCGRSFSQSGNLKKHKCSKKSKEL	TRNIQGPTRGPTRGPTQGDTQGDTQGDTQGNK
RHT10a	JKGIBGBBLD	CACCGTTGTTCTCAGTGTGGGAAGAGCTTCACAACAGGGAGAAATCTCATCATACATCAGCGCATTCACACAGGAGAGAAGCCGTTTCACTGCTCTCAGTGTGGGAAGAGCTTCAGTCGGTCAGGACATCTAAAGACACACCAGCGCATTCACACAGGAGAGAAGCCGTTTCACTGCTCTCAGTGTGGGAGGAGCTTCAGTCAGTCAGGACATCTAAAGAAACACCAGCGCATTCACACAGGAGAGAAGCCGTTTCACTGCTCTCAGTGTGGGAGGAGCTTCAGTCAGTCAGGAGACTTAAAGACACACCAGCACATTCACACAGGAGAGAAGCCGTTTCACTGCTCTCAGTGTGGGAGGAGCTTCAGTCAGTCAGGACCTCTAAAGACACACCAGCGCATTCACACAGGAGAGAAGCCGTTTCACTGCTCTCAGTGTGGGAGGAGCTTCAGTCAGTCAGGACATCTAAAGAAACACCAGCGCATTCACACAGGAGAGAAGCCGTTTCACTGCTCTCAGTGTGGGAGGAGCTTCAGTCAGTCAGGACCTCTAAAGACACACCAGCGCATTCACACAGGAGAGAAGCCGTTTCACTGCTCTCAGTGTGGGAGGAGCTTCAGTCAGTCAGGACCTCTAAAGACACACCAGCGCATTCACACAGGAGAGAAGCCGTTTCACTGCTCTCAGTGTGGGAGGAGCTTCAGTCAGTCAGGACATCTAAAGACACACCAGCGCATTCACACAGGAGAGAAGCCGTTTCACTGCTCTCAGTGTGGGAGGAGCTTCAGTCAGTCAGGAAATCTAAAGAAACACAAGTGTTCTAAAAAGAGTAAAGAACTT	HRCSQCGKSFTTGRNLIIHQRIHTGEKPFHCSQCGKSFSRSGHLKTHQRIHTGEKPFHCSQCGRSFSQSGHLKKHQRIHTGEKPFHCSQCGRSFSQSGDLKTHQHIHTGEKPFHCSQCGRSFSQSGPLKTHQRIHTGEKPFHCSQCGRSFSQSGHLKKHQRIHTGEKPFHCSQCGRSFSQSGPLKTHQRIHTGEKPFHCSQCGRSFSQSGPLKTHQRIHTGEKPFHCSQCGRSFSQSGHLKTHQRIHTGEKPFHCSQCGRSFSQSGNLKKHKCSKKSKEL	TRNIRGHTQGHKQGDTQGPTQGHKQGPTQGPTQGHTQGNK
RHT10b	JKGI2GBBLN	CACCGTTGTTCTCAGTGTGGGAAGAGCTTCACAACAGGGAGAAATCTCATCATACATCAGCGCATTCACACAGGAGAGAAGCCGTTTCACTGCTCTCAGTGTGGGAAGAGCTTCAGTCGGTCAGGACATCTAAAGACACACCAGCGCATTCACACAGGAGAGAAGCCGTTTCACTGCTCTCAGTGTGGGAGGAGCTTCAGTCAGTCAGGACATCTAAAGAAACACCAGCGCATTCACACAGGAGAGAAGCCGTTTCACTGCTCTCAGTGTGGGAGGAGCTTCAGTCAGTCAGGAGACTTAAAGACACACCAGCACATTCACACAGGAGAGAAGCCGTTTCTCTGCTCTCAGTGTGGGAGGAGCTTCAGTCAGTCAGGACCTCTAAAGACACACCAGCGCATTCACACAGGAGAGAAGCCGTTTCACTGCTCTCAGTGTGGGAGGAGCTTCAGTCAGTCAGGACATCTAAAGAAACACCAGCGCATTCACACAGGAGAGAAGCCGTTTCACTGCTCTCAGTGTGGGAGGAGCTTCAGTCAGTCAGGACCTCTAAAGACACACCAGCGCATTCACACAGGAGAGAAGCCGTTTCACTGCTCTCAGTGTGGGAGGAGCTTCAGTCAGTCAGGACCTCTAAAGACACACCAGCGCATTCACACAGGAGAGAAGCCGTTTCACTGCTCTCAGTGTGGGAGGAGCTTCAGTCAGTCAGGACATCTAAAGACACACCAGCGCATTCACACAGGAGAGAAGCCGTTTCACTGCTCTCAGTGTGGGAGGAGCTTCAGTCAGTCAGGACCTCTAAAGAAACACAAGTGTTCTAAAAAGAGTAAAGAACTT	HRCSQCGKSFTTGRNLIIHQRIHTGEKPFHCSQCGKSFSRSGHLKTHQRIHTGEKPFHCSQCGRSFSQSGHLKKHQRIHTGEKPFHCSQCGRSFSQSGDLKTHQHIHTGEKPFLCSQCGRSFSQSGPLKTHQRIHTGEKPFHCSQCGRSFSQSGHLKKHQRIHTGEKPFHCSQCGRSFSQSGPLKTHQRIHTGEKPFHCSQCGRSFSQSGPLKTHQRIHTGEKPFHCSQCGRSFSQSGHLKTHQRIHTGEKPFHCSQCGRSFSQSGPLKKHKCSKKSKEL	TRNIRGHTQGHKQGDTQGPTQGHKQGPTQGPTQGHTQGPK
RHT10c	JKGIBGBBLH	CACCGTTGTTCTCAGTGTGGGAAGAGCTTCACAACAGGGAGAAATCTCATCATACATCAGCGCATTCACACAGGAGAGAAGCCGTTTCACTGCTCTCAGTGTGGGAAGAGCTTCAGTCGGTCAGGACATCTAAAGACACACCAGCGCATTCACACAGGAGAGAAGCCGTTTCACTGCTCTCAGTGTGGGAGGAGCTTCAGTCAGTCAGGACATCTAAAGAAACACCAGCGCATTCACACAGGAGAGAAGCCGTTTCACTGCTCTCAGTGTGGGAGGAGCTTCAGTCAGTCAGGAGACTTAAAGACACACCAGCACATTCACACAGGAGAGAAGCCGTTTCACTGCTCTCAGTGTGGGAGGAGCTTCAGTCAGTCAGGACCTCTAAAGACACACCAGCGCATTCACACAGGAGAGAAGCCGTTTCACTGCTCTCAGTGTGGGAGGAGCTTCAGTCAGTCAGGACATCTAAAGAAACACCAGCGCATTCACACAGGAGAGAAGCCGTTTCACTGCTCTCAGTGTGGGAGGAGCTTCAGTCAGTCAGGACCTCTAAAGACACACCAGCGCATTCACACAGGAGAGAAGCCGTTTCACTGCTCTCAGTGTGGGAGGAGCTTCAGTCAGTCAGGACCTCTAAAGACACACCAGCGCATTCACACAGGAGAGAAGCCGTTTCACTGCTCTCAGTGTGGGAGGAGCTTCAGTCAGTCAGGACATCTAAAGACACACCAGCGCATTCACACAGGAGAGAAGCCGTTTCACTGCTCTCAGTGTGGGAAGAGCTTCAGTCAGTCAGGACCTCTAAAGAAACACAAGTGTTCTAAAAAGAGTAAAGAACTT	HRCSQCGKSFTTGRNLIIHQRIHTGEKPFHCSQCGKSFSRSGHLKTHQRIHTGEKPFHCSQCGRSFSQSGHLKKHQRIHTGEKPFHCSQCGRSFSQSGDLKTHQHIHTGEKPFHCSQCGRSFSQSGPLKTHQRIHTGEKPFHCSQCGRSFSQSGHLKKHQRIHTGEKPFHCSQCGRSFSQSGPLKTHQRIHTGEKPFHCSQCGRSFSQSGPLKTHQRIHTGEKPFHCSQCGRSFSQSGHLKTHQRIHTGEKPFHCSQCGKSFSQSGPLKKHKCSKKSKEL	TRNIRGHTQGHKQGDTQGPTQGHKQGPTQGPTQGHTQGPK
RHT10d	JKGIBGBBLM	CACCGTTGTTCTCAGTGTGGGAAGAGCTTCACAACAGGGAGAAATCTCATCATACATCAGCGCATTCACACAGGAGAGAAGCCGTTTCACTGCTCTCAGTGTGGGAAGAGCTTCAGTCGGTCAGGACATCTAAAGACACACCAGCGCATTCACACAGGAGAGAAGCCGTTTCACTGCTCTCAGTGTGGGAGGAGCTTCAGTCAGTCAGGACATCTAAAGAAACACCAGCGCATTCACACAGGAGAGAAGCCGTTTCACTGCTCTCAGTGTGGGAGGAGCTTCAGTCAGTCAGGAGACTTAAAGACACACCAGCACATTCACACAGGAGAGAAGCCGTTTCACTGCTCTCAGTGTGGGAGGAGCTTCAGTCAGTCAGGACCTCTAAAGACACACCAGCGCATTCACACAGGAGAGAAGCCGTTTCACTGCTCTCAGTGTGGGAGGAGCTTCAGTCAGTCAGGACATCTAAAGAAACACCAGCGCATTCACACAGGAGAGAAGCCGTTTCACTGCTCTCAGTGTGGGAGGAGCTTCAGTCAGTCAGGACCTCTAAAGACACACCAGCGCATTCACACAGGAGAGAAGCCGTTTCACTGCTCTCAGTGTGGGAGGAGCTTCAGTCAGTCAGGACCTCTAAAGACACACCAGCGCATTCACACAGGAGAGAAGCCGTTTCACTGCTCTCAGTGTGGGAGGAGCTTCAGTCAGTCAGGACATCTAAAGACACACCAGCGCATTCACACAGGAGAGAAGCCGTTTCACTGCTCTCAGTGTGGGAGGAGCTTCAGTCAGTCAGGACATCTAAAGAAACACAAGTGTTCTAAAAAGAGTAAAGAACTT	HRCSQCGKSFTTGRNLIIHQRIHTGEKPFHCSQCGKSFSRSGHLKTHQRIHTGEKPFHCSQCGRSFSQSGHLKKHQRIHTGEKPFHCSQCGRSFSQSGDLKTHQHIHTGEKPFHCSQCGRSFSQSGPLKTHQRIHTGEKPFHCSQCGRSFSQSGHLKKHQRIHTGEKPFHCSQCGRSFSQSGPLKTHQRIHTGEKPFHCSQCGRSFSQSGPLKTHQRIHTGEKPFHCSQCGRSFSQSGHLKTHQRIHTGEKPFHCSQCGRSFSQSGHLKKHKCSKKSKEL	TRNIRGHTQGHKQGDTQGPTQGHKQGPTQGPTQGHTQGHK
RHT10e	JKGIBGBBLN	CACCGTTGTTCTCAGTGTGGGAAGAGCTTCACAACAGGGAGAAATCTCATCATACATCAGCGCATTCACACAGGAGAGAAGCCGTTTCACTGCTCTCAGTGTGGGAAGAGCTTCAGTCGGTCAGGACATCTAAAGACACACCAGCGCATTCACACAGGAGAGAAGCCGTTTCACTGCTCTCAGTGTGGGAGGAGCTTCAGTCAGTCAGGACATCTAAAGAAACACCAGCGCATTCACACAGGAGAGAAGCCGTTTCACTGCTCTCAGTGTGGGAGGAGCTTCAGTCAGTCAGGAGACTTAAAGACACACCAGCACATTCACACAGGAGAGAAGCCGTTTCACTGCTCTCAGTGTGGGAGGAGCTTCAGTCAGTCAGGACCTCTAAAGACACACCAGCGCATTCACACAGGAGAGAAGCCGTTTCACTGCTCTCAGTGTGGGAGGAGCTTCAGTCAGTCAGGACATCTAAAGAAACACCAGCGCATTCACACAGGAGAGAAGCCGTTTCACTGCTCTCAGTGTGGGAGGAGCTTCAGTCAGTCAGGACCTCTAAAGACACACCAGCGCATTCACACAGGAGAGAAGCCGTTTCACTGCTCTCAGTGTGGGAGGAGCTTCAGTCAGTCAGGACCTCTAAAGACACACCAGCGCATTCACACAGGAGAGAAGCCGTTTCACTGCTCTCAGTGTGGGAGGAGCTTCAGTCAGTCAGGACATCTAAAGACACACCAGCGCATTCACACAGGAGAGAAGCCGTTTCACTGCTCTCAGTGTGGGAGGAGCTTCAGTCAGTCAGGACCTCTAAAGAAACACAAGTGTTCTAAAAAGAGTAAAGAACTT	HRCSQCGKSFTTGRNLIIHQRIHTGEKPFHCSQCGKSFSRSGHLKTHQRIHTGEKPFHCSQCGRSFSQSGHLKKHQRIHTGEKPFHCSQCGRSFSQSGDLKTHQHIHTGEKPFHCSQCGRSFSQSGPLKTHQRIHTGEKPFHCSQCGRSFSQSGHLKKHQRIHTGEKPFHCSQCGRSFSQSGPLKTHQRIHTGEKPFHCSQCGRSFSQSGPLKTHQRIHTGEKPFHCSQCGRSFSQSGHLKTHQRIHTGEKPFHCSQCGRSFSQSGPLKKHKCSKKSKEL	TRNIRGHTQGHKQGDTQGPTQGHKQGPTQGPTQGHTQGPK
RHT10f	JKGIBGBBBN	CACCGTTGTTCTCAGTGTGGGAAGAGCTTCACAACAGGGAGAAATCTCATCATACATCAGCGCATTCACACAGGAGAGAAGCCGTTTCACTGCTCTCAGTGTGGGAAGAGCTTCAGTCGGTCAGGACATCTAAAGACACACCAGCGCATTCACACAGGAGAGAAGCCGTTTCACTGCTCTCAGTGTGGGAGGAGCTTCAGTCAGTCAGGACATCTAAAGAAACACCAGCGCATTCACACAGGAGAGAAGCCGTTTCACTGCTCTCAGTGTGGGAGGAGCTTCAGTCAGTCAGGAGACTTAAAGACACACCAGCACATTCACACAGGAGAGAAGCCGTTTCACTGCTCTCAGTGTGGGAGGAGCTTCAGTCAGTCAGGACCTCTAAAGACACACCAGCGCATTCACACAGGAGAGAAGCCGTTTCACTGCTCTCAGTGTGGGAGGAGCTTCAGTCAGTCAGGACATCTAAAGAAACACCAGCGCATTCACACAGGAGAGAAGCCGTTTCACTGCTCTCAGTGTGGGAGGAGCTTCAGTCAGTCAGGACCTCTAAAGACACACCAGCGCATTCACACAGGAGAGAAGCCGTTTCACTGCTCTCAGTGTGGGAGGAGCTTCAGTCAGTCAGGACCTCTAAAGACACACCAGCGCATTCACACAGGAGAGAAGCCGTTTCACTGCTCTCAGTGTGGGAGGAGCTTCAGTCAGTCAGGACCTCTAAAGACACACCAGCGCATTCACACAGGAGAGAAGCCGTTTCACTGCTCTCAGTGTGGGAGGAGCTTCAGTCAGTCAGGACCTCTAAAGAAACACAAGTGTTCTAAAAAGAGTAAAGAACTT	HRCSQCGKSFTTGRNLIIHQRIHTGEKPFHCSQCGKSFSRSGHLKTHQRIHTGEKPFHCSQCGRSFSQSGHLKKHQRIHTGEKPFHCSQCGRSFSQSGDLKTHQHIHTGEKPFHCSQCGRSFSQSGPLKTHQRIHTGEKPFHCSQCGRSFSQSGHLKKHQRIHTGEKPFHCSQCGRSFSQSGPLKTHQRIHTGEKPFHCSQCGRSFSQSGPLKTHQRIHTGEKPFHCSQCGRSFSQSGPLKTHQRIHTGEKPFHCSQCGRSFSQSGPLKKHKCSKKSKEL	TRNIRGHTQGHKQGDTQGPTQGHKQGPTQGPTQGPTQGPK
RHT10g	JKGIIBGBLN	CACCGTTGTTCTCAGTGTGGGAAGAGCTTCACAACAGGGAGAAATCTCATCATACATCAGCGCATTCACACAGGAGAGAAGCCGTTTCACTGCTCTCAGTGTGGGAAGAGCTTCAGTCGGTCAGGACATCTAAAGACACACCAGCGCATTCACACAGGAGAGAAGCCGTTTCACTGCTCTCAGTGTGGGAGGAGCTTCAGTCAGTCAGGACATCTAAAGAAACACCAGCGCATTCACACAGGAGAGAAGCCGTTTCACTGCTCTCAGTGTGGGAGGAGCTTCAGTCAGTCAGGAGACTTAAAGACACACCAGCACATTCACACAGGAGAGAAGCCGTTTCACTGCTCTCAGTGTGGGAGGAGCTTCAGTCAGTCAGGAGACTTAAAGACACACCAGCACATTCACACAGGAGAGAAGCCGTTTCACTGCTCTCAGTGTGGGAGGAGCTTCAGTCAGTCAGGACCTCTAAAGACACACCAGCGCATTCACACAGGAGAGAAGCCGTTTCACTGCTCTCAGTGTGGGAGGAGCTTCAGTCAGTCAGGACATCTAAAGAAACACCAGCGCATTCACACAGGAGAGAAGCCGTTTCACTGCTCTCAGTGTGGGAGGAGCTTCAGTCAGTCAGGACCTCTAAAGACACACCAGCGCATTCACACAGGAGAGAAGCCGTTTCACTGCTCTCAGTGTGGGAGGAGCTTCAGTCAGTCAGGACATCTAAAGACACACCAGCGCATTCACACAGGAGAGAAGCCGTTTCACTGCTCTCAGTGTGGGAGGAGCTTCAGTCAGTCAGGACCTCTAAAGAAACACAAGTGTTCTAAAAAGAGTAAAGAACTT	HRCSQCGKSFTTGRNLIIHQRIHTGEKPFHCSQCGKSFSRSGHLKTHQRIHTGEKPFHCSQCGRSFSQSGHLKKHQRIHTGEKPFHCSQCGRSFSQSGDLKTHQHIHTGEKPFHCSQCGRSFSQSGDLKTHQHIHTGEKPFHCSQCGRSFSQSGPLKTHQRIHTGEKPFHCSQCGRSFSQSGHLKKHQRIHTGEKPFHCSQCGRSFSQSGPLKTHQRIHTGEKPFHCSQCGRSFSQSGHLKTHQRIHTGEKPFHCSQCGRSFSQSGPLKKHKCSKKSKEL	TRNIRGHTQGHKQGDTQGDTQGPTQGHKQGPTQGHTQGPK
RHT11a	JKGIBEYEIBD	CACCGTTGTTCTCAGTGTGGGAAGAGCTTCACAACAGGGAGAAATCTCATCATACATCAGCGCATTCACACAGGAGAGAAGCCGTTTCACTGCTCTCAGTGTGGGAAGAGCTTCAGTCGGTCAGGACATCTAAAGACACACCAGCGCATTCACACAGGAGAGAAGCCGTTTCACTGCTCTCAGTGTGGGAGGAGCTTCAGTCAGTCAGGACATCTAAAGAAACACCAGCGCATTCACACAGGAGAGAAGCCGTTTCACTGCTCTCAGTGTGGGAGGAGCTTCAGTCAGTCAGGAGACTTAAAGACACACCAGCACATTCACACAGGAGAGAAGCCGTTTCACTGCTCTCAGTGTGGGAGGAGCTTCAGTCAGTCAGGACCTCTAAAGACACACCAGCGCATTCACACAGGAGAGAAGCCGTTTCACTGCTCTCAGTGTGGGAGGAGCTTCAGTCGGTCAGGACCTCTAAAGACACACCAGCGCATTCACACAGGAGAGAAGCCGTTTCACTGCTCTCAGTGTGGGAGGAGCTTCAGTCGGTCAGGAAATCTAAAGACACACCAGCGCATTCACACAGGAGAGAAGCCGTTTCACTGCTCTCAGTGTGGGAGGAGCTTCAGTCGGTCAGGACCTCTAAAGACACACCAGCGCATTCACACAGGAGAGAAGCCGTTTCACTGCTCTCAGTGTGGGAGGAGCTTCAGTCAGTCAGGAGACTTAAAGACACACCAGCACATTCACACAGGAGAGAAGCCGTTTCACTGCTCTCAGTGTGGGAGGAGCTTCAGTCAGTCAGGACCTCTAAAGACACACCAGCGCATTCACACAGGAGAGAAGCCGTTTCACTGCTCTCAGTGTGGGAGGAGCTTCAGTCAGTCAGGAAATCTAAAGAAACACAAGTGTTCTAAAAAGAGTAAAGAACTT	HRCSQCGKSFTTGRNLIIHQRIHTGEKPFHCSQCGKSFSRSGHLKTHQRIHTGEKPFHCSQCGRSFSQSGHLKKHQRIHTGEKPFHCSQCGRSFSQSGDLKTHQHIHTGEKPFHCSQCGRSFSQSGPLKTHQRIHTGEKPFHCSQCGRSFSRSGPLKTHQRIHTGEKPFHCSQCGRSFSRSGNLKTHQRIHTGEKPFHCSQCGRSFSRSGPLKTHQRIHTGEKPFHCSQCGRSFSQSGDLKTHQHIHTGEKPFHCSQCGRSFSQSGPLKTHQRIHTGEKPFHCSQCGRSFSQSGNLKKHKCSKKSKEL	TRNIRGHTQGHKQGDTQGPTRGPTRGNTRGPTQGDTQGPTQGNK
RHT11b	JKGIIBGBBLN	CACCGTTGTTCTCAGTGTGGGAAGAGCTTCACAACAGGGAGAAATCTCATCATACATCAGCGCATTCACACAGGAGAGAAGCCGTTTCACTGCTCTCAGTGTGGGAAGAGCTTCAGTCGGTCAGGACATCTAAAGACACACCAGCGCATTCACACAGGAGAGAAGCCGTTTCACTGCTCTCAGTGTGGGAGGAGCTTCAGTCAGTCAGGACATCTAAAGAAACACCAGCGCATTCACACAGGAGAGAAGCCGTTTCACTGCTCTCAGTGTGGGAGGAGCTTCAGTCAGTCAGGAGACTTAAAGACACACCAGCACATTCACACAGGAGAGAAGCCGTTTCACTGCTCTCAGTGTGGGAGGAGCTTCAGTCAGTCAGGAGACTTAAAGACACACCAGCACATTCACACAGGAGAGAAGCCGTTTCACTGCTCTCAGTGTGGGAGGAGCTTCAGTCAGTCAGGACCTCTAAAGACACACCAGCGCATTCACACAGGAGAGAAGCCGTTTCACTGCTCTCAGTGTGGGAGGAGCTTCAGTCAGTCAGGACATCTAAAGAAACACCAGCGCATTCACACAGGAGAGAAGCCGTTTCACTGCTCTCAGTGTGGGAGGAGCTTCAGTCAGTCAGGACCTCTAAAGACACACCAGCGCATTCACACAGGAGAGAAGCCGTTTCACTGCTCTCAGTGTGGGAGGAGCTTCAGTCAGTCAGGACCTCTAAAGACACACCAGCGCATTCACACAGGAGAGAAGCCGTTTCACTGCTCTCAGTGTGGGAGGAGCTTCAGTCAGTCAGGACATCTAAAGACACACCAGCGCATTCACACAGGAGAGAAGCCGTTTCACTGCTCTCAGTGTGGGAGGAGCTTCAGTCAGTCAGGACCTCTAAAGAAACACAAGTGTTCTAAAAAGAGTAAAGAACTT	HRCSQCGKSFTTGRNLIIHQRIHTGEKPFHCSQCGKSFSRSGHLKTHQRIHTGEKPFHCSQCGRSFSQSGHLKKHQRIHTGEKPFHCSQCGRSFSQSGDLKTHQHIHTGEKPFHCSQCGRSFSQSGDLKTHQHIHTGEKPFHCSQCGRSFSQSGPLKTHQRIHTGEKPFHCSQCGRSFSQSGHLKKHQRIHTGEKPFHCSQCGRSFSQSGPLKTHQRIHTGEKPFHCSQCGRSFSQSGPLKTHQRIHTGEKPFHCSQCGRSFSQSGHLKTHQRIHTGEKPFHCSQCGRSFSQSGPLKKHKCSKKSKEL	TRNIRGHTQGHKQGDTQGDTQGPTQGHKQGPTQGPTQGHTQGPK
RHT5a	JKLBD	CACCGTTGTTCTCAGTGTGGGAAGAGCTTCACAACAGGGAGAAATCTCATCATACATCAGCGCATTCACACAGGAGAGAAGCCGTTTCACTGCTCTCAGTGTGGGAAGAGCTTCAGTCGGTCAGGACATCTAAAGACACACCAGCGCATTCACACAGGAGAGAAGCCGTTTCACTGCTCTCAGTGTGGGAGGAGCTTCAGTCAGTCAGGACATCTAAAGACACACCAGCGCATTCACACAGGAGAGAAGCCGTTTCACTGCTCTCAGTGTGGGAGGAGCTTCAGTCAGTCAGGACCTCTAAAGACACACCAGCGCATTCACACAGGAGAGAAGCCGTTTCACTGCTCTCAGTGTGGGAGGAGCTTCAGTCAGTCAGGAAATCTAAAGAAACACAAGTGTTCTAAAAAGAGTAAAGAACTT	HRCSQCGKSFTTGRNLIIHQRIHTGEKPFHCSQCGKSFSRSGHLKTHQRIHTGEKPFHCSQCGRSFSQSGHLKTHQRIHTGEKPFHCSQCGRSFSQSGPLKTHQRIHTGEKPFHCSQCGRSFSQSGNLKKHKCSKKSKEL	TRNIRGHTQGHTQGPTQGNK
RHT6a	JKLIBD	CACCGTTGTTCTCAGTGTGGGAAGAGCTTCACAACAGGGAGAAATCTCATCATACATCAGCGCATTCACACAGGAGAGAAGCCGTTTCACTGCTCTCAGTGTGGGAAGAGCTTCAGTCGGTCAGGACATCTAAAGACACACCAGCGCATTCACACAGGAGAGAAGCCGTTTCACTGCTCTCAGTGTGGGAGGAGCTTCAGTCAGTCAGGACATCTAAAGACACACCAGCGCATTCACACAGGAGAGAAGCCGTTTCACTGCTCTCAGTGTGGGAGGAGCTTCAGTCAGTCAGGAGACTTAAAGACACACCAGCACATTCACACAGGAGAGAAGCCGTTTCACTGCTCTCAGTGTGGGAGGAGCTTCAGTCAGTCAGGACCTCTAAAGACACACCAGCGCATTCACACAGGAGAGAAGCCGTTTCACTGCTCTCAGTGTGGGAGGAGCTTCAGTCAGTCAGGAAATCTAAAGAAACACAAGTGTTCTAAAAAGAGTAAAGAACTT	HRCSQCGKSFTTGRNLIIHQRIHTGEKPFHCSQCGKSFSRSGHLKTHQRIHTGEKPFHCSQCGRSFSQSGHLKTHQRIHTGEKPFHCSQCGRSFSQSGDLKTHQHIHTGEKPFHCSQCGRSFSQSGPLKTHQRIHTGEKPFHCSQCGRSFSQSGNLKKHKCSKKSKEL	TRNIRGHTQGHTQGDTQGPTQGNK
RHT8a	JKGIBBBV	CACCGTTGTTCTCAGTGTGGGAAGAGCTTCACAACAGGGAGAAATCTCATCATACATCAGCGCATTCACACAGGAGAGAAGCCGTTTCACTGCTCTCAGTGTGGGAAGAGCTTCAGTCGGTCAGGACATCTAAAGACACACCAGCGCATTCACACAGGAGAGAAGCCGTTTCACTGCTCTCAGTGTGGGAGGAGCTTCAGTCAGTCAGGACATCTAAAGAAACACCAGCGCATTCACACAGGAGAGAAGCCGTTTCACTGCTCTCAGTGTGGGAGGAGCTTCAGTCAGTCAGGAGACTTAAAGACACACCAGCACATTCACACAGGAGAGAAGCCGTTTCACTGCTCTCAGTGTGGGAGGAGCTTCAGTCAGTCAGGACCTCTAAAGACACACCAGCGCATTCACACAGGAGAGAAGCCGTTTCACTGCTCTCAGTGTGGGAGGAGCTTCAGTCAGTCAGGACCTCTAAAGACACACCAGCGCATTCACACAGGAGAGAAGCCGTTTCACTGCTCTCAGTGTGGGAGGAGCTTCAGTCAGTCAGGACCTCTAAAGACACACCAGCGCATTCACACAGGAGAGAAGCCGTTTCACTGCTCTCAGTGTGGGAGGAGCTTCAGTCAGTCAGGAAATCTAAAGACACACAAGTGTTCTAAAAAGAGTAAAGAACTT	HRCSQCGKSFTTGRNLIIHQRIHTGEKPFHCSQCGKSFSRSGHLKTHQRIHTGEKPFHCSQCGRSFSQSGHLKKHQRIHTGEKPFHCSQCGRSFSQSGDLKTHQHIHTGEKPFHCSQCGRSFSQSGPLKTHQRIHTGEKPFHCSQCGRSFSQSGPLKTHQRIHTGEKPFHCSQCGRSFSQSGPLKTHQRIHTGEKPFHCSQCGRSFSQSGNLKTHKCSKKSKEL	TRNIRGHTQGHKQGDTQGPTQGPTQGPTQGNT
RHT8b	JKGIBEED	CACCGTTGTTCTCAGTGTGGGAAGAGCTTCACAACAGGGAGAAATCTCATCATACATCAGCGCATTCACACAGGAGAGAAGCCGTTTCACTGCTCTCAGTGTGGGAAGAGCTTCAGTCGGTCAGGACATCTAAAGACACACCAGCGCATTCACACAGGAGAGAAGCCGTTTCACTGCTCTCAGTGTGGGAGGAGCTTCAGTCAGTCAGGACATCTAAAGAAACACCAGCGCATTCACACAGGAGAGAAGCCGTTTCACTGCTCTCAGTGTGGGAGGAGCTTCAGTCAGTCAGGAGACTTAAAGACACACCAGCACATTCACACAGGAGAGAAGCCGTTTCACTGCTCTCAGTGTGGGAGGAGCTTCAGTCAGTCAGGACCTCTAAAGACACACCAGCGCATTCACACAGGAGAGAAGCCGTTTCACTGCTCTCAGTGTGGGAGGAGCTTCAGTCGGTCAGGACCTCTAAAGACACACCAGCGCATTCACACAGGAGAGAAGCCGTTTCACTGCTCTCAGTGTGGGAGGAGCTTCAGTCGGTCAGGACCTCTAAAGACACACCAGCGCATTCACACAGGAGAGAAGCCGTTTCACTGCTCTCAGTGTGGGAGGAGCTTCAGTCAGTCAGGAAATCTAAAGAAACACAAGTGTTCTAAAAAGAGTAAAGAACTT	HRCSQCGKSFTTGRNLIIHQRIHTGEKPFHCSQCGKSFSRSGHLKTHQRIHTGEKPFHCSQCGRSFSQSGHLKKHQRIHTGEKPFHCSQCGRSFSQSGDLKTHQHIHTGEKPFHCSQCGRSFSQSGPLKTHQRIHTGEKPFHCSQCGRSFSRSGPLKTHQRIHTGEKPFHCSQCGRSFSRSGPLKTHQRIHTGEKPFHCSQCGRSFSQSGNLKKHKCSKKSKEL	TRNIRGHTQGHKQGDTQGPTRGPTRGPTQGNK
RHT9a	JKIBGBBLN	CACCGTTGTTCTCAGTGTGGGAAGAGCTTCACAACAGGGAGAAATCTCATCATACATCAGCGCATTCACACAGGAGAGAAGCCGTTTCACTGCTCTCAGTGTGGGAAGAGCTTCAGTCGGTCAGGACATCTAAAGACACACCAGCGCATTCACACAGGAGAGAAGCCGTTTCACTGCTCTCAGTGTGGGAGGAGCTTCAGTCAGTCAGGAGACTTAAAGACACACCAGCACATTCACACAGGAGAGAAGCCGTTTCACTGCTCTCAGTGTGGGAGGAGCTTCAGTCAGTCAGGACCTCTAAAGACACACCAGCGCATTCACACAGGAGAGAAGCCGTTTCACTGCTCTCAGTGTGGGAGGAGCTTCAGTCAGTCAGGACATCTAAAGAAACACCAGCGCATTCACACAGGAGAGAAGCCGTTTCACTGCTCTCAGTGTGGGAGGAGCTTCAGTCAGTCAGGACCTCTAAAGACACACCAGCGCATTCACACAGGAGAGAAGCCGTTTCACTGCTCTCAGTGTGGGAGGAGCTTCAGTCAGTCAGGACCTCTAAAGACACACCAGCGCATTCACACAGGAGAGAAGCCGTTTCACTGCTCTCAGTGTGGGAGGAGCTTCAGTCAGTCAGGACATCTAAAGACACACCAGCGCATTCACACAGGAGAGAAGCCGTTTCACTGCTCTCAGTGTGGGAGGAGCTTCAGTCAGTCAGGACCTCTAAAGAAACACAAGTGTTCTAAAAAGAGTAAAGAACTT	HRCSQCGKSFTTGRNLIIHQRIHTGEKPFHCSQCGKSFSRSGHLKTHQRIHTGEKPFHCSQCGRSFSQSGDLKTHQHIHTGEKPFHCSQCGRSFSQSGPLKTHQRIHTGEKPFHCSQCGRSFSQSGHLKKHQRIHTGEKPFHCSQCGRSFSQSGPLKTHQRIHTGEKPFHCSQCGRSFSQSGPLKTHQRIHTGEKPFHCSQCGRSFSQSGHLKTHQRIHTGEKPFHCSQCGRSFSQSGPLKKHKCSKKSKEL	TRNIRGHTQGDTQGPTQGHKQGPTQGPTQGHTQGPK
RHT9b	JKGIBGBLN	CACCGTTGTTCTCAGTGTGGGAAGAGCTTCACAACAGGGAGAAATCTCATCATACATCAGCGCATTCACACAGGAGAGAAGCCGTTTCACTGCTCTCAGTGTGGGAAGAGCTTCAGTCGGTCAGGACATCTAAAGACACACCAGCGCATTCACACAGGAGAGAAGCCGTTTCACTGCTCTCAGTGTGGGAGGAGCTTCAGTCAGTCAGGACATCTAAAGAAACACCAGCGCATTCACACAGGAGAGAAGCCGTTTCACTGCTCTCAGTGTGGGAGGAGCTTCAGTCAGTCAGGAGACTTAAAGACACACCAGCACATTCACACAGGAGAGAAGCCGTTTCACTGCTCTCAGTGTGGGAGGAGCTTCAGTCAGTCAGGACCTCTAAAGACACACCAGCGCATTCACACAGGAGAGAAGCCGTTTCACTGCTCTCAGTGTGGGAGGAGCTTCAGTCAGTCAGGACATCTAAAGAAACACCAGCGCATTCACACAGGAGAGAAGCCGTTTCACTGCTCTCAGTGTGGGAGGAGCTTCAGTCAGTCAGGACCTCTAAAGACACACCAGCGCATTCACACAGGAGAGAAGCCGTTTCACTGCTCTCAGTGTGGGAGGAGCTTCAGTCAGTCAGGACATCTAAAGACACACCAGCGCATTCACACAGGAGAGAAGCCGTTTCACTGCTCTCAGTGTGGGAGGAGCTTCAGTCAGTCAGGACCTCTAAAGAAACACAAGTGTTCTAAAAAGAGTAAAGAACTT	HRCSQCGKSFTTGRNLIIHQRIHTGEKPFHCSQCGKSFSRSGHLKTHQRIHTGEKPFHCSQCGRSFSQSGHLKKHQRIHTGEKPFHCSQCGRSFSQSGDLKTHQHIHTGEKPFHCSQCGRSFSQSGPLKTHQRIHTGEKPFHCSQCGRSFSQSGHLKKHQRIHTGEKPFHCSQCGRSFSQSGPLKTHQRIHTGEKPFHCSQCGRSFSQSGHLKTHQRIHTGEKPFHCSQCGRSFSQSGPLKKHKCSKKSKEL	TRNIRGHTQGHKQGDTQGPTQGHKQGPTQGHTQGPK
RPT10a	CEAABBAABD	CACCGTTGTTCTCAGTGTGGGAAGAGCTTCACAACAGGGAGAAATCTCATCATACACCAGCGCATTCACACAGGAGAGAAGCCGTTTCACTGCTCTCAGTGTGGGAGGAGCTTCAGTCGGTCAGGACCTCTAAAGACACACCAGCGCATTCACACAGGAGAGAAGCCGTTTCACTGCTCTCAGTGTGGGAGGAGCTTCAGTCAGTCAGGAGACTTAAAGACACACCAGCGCATTCACACAGGAGAGAAGCCGTTTCACTGCTCTCAGTGTGGGAGGAGCTTCAGTCAGTCAGGAGACTTAAAGACACACCAGCGCATTCACACAGGAGAGAAGCCGTTTCACTGCTCTCAGTGTGGGAGGAGCTTCAGTCAGTCAGGACCTCTAAAGACACACCAGCGCATTCACACAGGAGAGAAGCCGTTTCACTGCTCTCAGTGTGGGAGGAGCTTCAGTCAGTCAGGACCTCTAAAGACACACCAGCGCATTCACACAGGAGAGAAGCCGTTTCACTGCTCTCAGTGTGGGAGGAGCTTCAGTCAGTCAGGAGACTTAAAGACACACCAGCGCATTCACACAGGAGAGAAGCCGTTTCACTGCTCTCAGTGTGGGAGGAGCTTCAGTCAGTCAGGAGACTTAAAGACACACCAGCGCATTCACACAGGAGAGAAGCCGTTTCACTGCTCTCAGTGTGGGAGGAGCTTCAGTCAGTCAGGACCTCTAAAGACACACCAGCGCATTCACACAGGAGAGAAGCCGTTTCACTGCTCTCAGTGTGGGAGGAGCTTCAGTCAGTCAGGAAATCTAAAGAAACACAAGTGTTCTAAAAAGAGTAAAGAACTT	HRCSQCGKSFTTGRNLIIHQRIHTGEKPFHCSQCGRSFSRSGPLKTHQRIHTGEKPFHCSQCGRSFSQSGDLKTHQRIHTGEKPFHCSQCGRSFSQSGDLKTHQRIHTGEKPFHCSQCGRSFSQSGPLKTHQRIHTGEKPFHCSQCGRSFSQSGPLKTHQRIHTGEKPFHCSQCGRSFSQSGDLKTHQRIHTGEKPFHCSQCGRSFSQSGDLKTHQRIHTGEKPFHCSQCGRSFSQSGPLKTHQRIHTGEKPFHCSQCGRSFSQSGNLKKHKCSKKSKEL	TRNIRGPTQGDTQGDTQGPTQGPTQGDTQGDTQGPTQGNK
RPT5a	CEAAD	CACCGTTGTTCTCAGTGTGGGAAGAGCTTCACAACAGGGAGAAATCTCATCATACACCAGCGCATTCACACAGGAGAGAAGCCGTTTCACTGCTCTCAGTGTGGGAGGAGCTTCAGTCGGTCAGGACCTCTAAAGACACACCAGCGCATTCACACAGGAGAGAAGCCGTTTCACTGCTCTCAGTGTGGGAGGAGCTTCAGTCAGTCAGGAGACTTAAAGACACACCAGCGCATTCACACAGGAGAGAAGCCGTTTCACTGCTCTCAGTGTGGGAGGAGCTTCAGTCAGTCAGGAGACTTAAAGACACACCAGCGCATTCACACAGGAGAGAAGCCGTTTCACTGCTCTCAGTGTGGGAGGAGCTTCAGTCAGTCAGGAAATCTAAAGAAACACAAGTGTTCTAAAAAGAGTAAAGAACTT	HRCSQCGKSFTTGRNLIIHQRIHTGEKPFHCSQCGRSFSRSGPLKTHQRIHTGEKPFHCSQCGRSFSQSGDLKTHQRIHTGEKPFHCSQCGRSFSQSGDLKTHQRIHTGEKPFHCSQCGRSFSQSGNLKKHKCSKKSKEL	TRNIRGPTQGDTQGDTQGNK
RPT5b	CEABD	CACCGTTGTTCTCAGTGTGGGAAGAGCTTCACAACAGGGAGAAATCTCATCATACACCAGCGCATTCACACAGGAGAGAAGCCGTTTCACTGCTCTCAGTGTGGGAGGAGCTTCAGTCGGTCAGGACCTCTAAAGACACACCAGCGCATTCACACAGGAGAGAAGCCGTTTCACTGCTCTCAGTGTGGGAGGAGCTTCAGTCAGTCAGGAGACTTAAAGACACACCAGCGCATTCACACAGGAGAGAAGCCGTTTCACTGCTCTCAGTGTGGGAGGAGCTTCAGTCAGTCAGGACCTCTAAAGACACACCAGCGCATTCACACAGGAGAGAAGCCGTTTCACTGCTCTCAGTGTGGGAGGAGCTTCAGTCAGTCAGGAAATCTAAAGAAACACAAGTGTTCTAAAAAGAGTAAAGAACTT	HRCSQCGKSFTTGRNLIIHQRIHTGEKPFHCSQCGRSFSRSGPLKTHQRIHTGEKPFHCSQCGRSFSQSGDLKTHQRIHTGEKPFHCSQCGRSFSQSGPLKTHQRIHTGEKPFHCSQCGRSFSQSGNLKKHKCSKKSKEL	TRNIRGPTQGDTQGPTQGNK
RPT5c	CEAAM	CACCGTTGTTCTCAGTGTGGGAAGAGCTTCACAACAGGGAGAAATCTCATCATACACCAGCGCATTCACACAGGAGAGAAGCCGTTTCACTGCTCTCAGTGTGGGAGGAGCTTCAGTCGGTCAGGACCTCTAAAGACACACCAGCGCATTCACACAGGAGAGAAGCCGTTTCACTGCTCTCAGTGTGGGAGGAGCTTCAGTCAGTCAGGAGACTTAAAGACACACCAGCGCATTCACACAGGAGAGAAGCCGTTTCACTGCTCTCAGTGTGGGAGGAGCTTCAGTCAGTCAGGAGACTTAAAGACACACCAGCGCATTCACACAGGAGAGAAGCCGTTTCACTGCTCTCAGTGTGGGAGGAGCTTCAGTCAGTCAGGACATCTAAAGAAACACAAGTGTTCTAAAAAGAGTAAAGAACTT	HRCSQCGKSFTTGRNLIIHQRIHTGEKPFHCSQCGRSFSRSGPLKTHQRIHTGEKPFHCSQCGRSFSQSGDLKTHQRIHTGEKPFHCSQCGRSFSQSGDLKTHQRIHTGEKPFHCSQCGRSFSQSGHLKKHKCSKKSKEL	TRNIRGPTQGDTQGDTQGHK
RPT6a	CEAABD	CACCGTTGTTCTCAGTGTGGGAAGAGCTTCACAACAGGGAGAAATCTCATCATACACCAGCGCATTCACACAGGAGAGAAGCCGTTTCACTGCTCTCAGTGTGGGAGGAGCTTCAGTCGGTCAGGACCTCTAAAGACACACCAGCGCATTCACACAGGAGAGAAGCCGTTTCACTGCTCTCAGTGTGGGAGGAGCTTCAGTCAGTCAGGAGACTTAAAGACACACCAGCGCATTCACACAGGAGAGAAGCCGTTTCACTGCTCTCAGTGTGGGAGGAGCTTCAGTCAGTCAGGAGACTTAAAGACACACCAGCGCATTCACACAGGAGAGAAGCCGTTTCACTGCTCTCAGTGTGGGAGGAGCTTCAGTCAGTCAGGACCTCTAAAGACACACCAGCGCATTCACACAGGAGAGAAGCCGTTTCACTGCTCTCAGTGTGGGAGGAGCTTCAGTCAGTCAGGAAATCTAAAGAAACACAAGTGTTCTAAAAAGAGTAAAGAACTT	HRCSQCGKSFTTGRNLIIHQRIHTGEKPFHCSQCGRSFSRSGPLKTHQRIHTGEKPFHCSQCGRSFSQSGDLKTHQRIHTGEKPFHCSQCGRSFSQSGDLKTHQRIHTGEKPFHCSQCGRSFSQSGPLKTHQRIHTGEKPFHCSQCGRSFSQSGNLKKHKCSKKSKEL	TRNIRGPTQGDTQGDTQGPTQGNK
RPT6b	CEAALD	CACCGTTGTTCTCAGTGTGGGAAGAGCTTCACAACAGGGAGAAATCTCATCATACACCAGCGCATTCACACAGGAGAGAAGCCGTTTCACTGCTCTCAGTGTGGGAGGAGCTTCAGTCGGTCAGGACCTCTAAAGACACACCAGCGCATTCACACAGGAGAGAAGCCGTTTCACTGCTCTCAGTGTGGGAGGAGCTTCAGTCAGTCAGGAGACTTAAAGACACACCAGCGCATTCACACAGGAGAGAAGCCGTTTCACTGCTCTCAGTGTGGGAGGAGCTTCAGTCAGTCAGGAGACTTAAAGACACACCAGCGCATTCACACAGGAGAGAAGCCGTTTCACTGCTCTCAGTGTGGGAGGAGCTTCAGTCAGTCAGGACATCTAAAGACACACCAGCGCATTCACACAGGAGAGAAGCCGTTTCACTGCTCTCAGTGTGGGAGGAGCTTCAGTCAGTCAGGAAATCTAAAGAAACACAAGTGTTCTAAAAAGAGTAAAGAACTT	HRCSQCGKSFTTGRNLIIHQRIHTGEKPFHCSQCGRSFSRSGPLKTHQRIHTGEKPFHCSQCGRSFSQSGDLKTHQRIHTGEKPFHCSQCGRSFSQSGDLKTHQRIHTGEKPFHCSQCGRSFSQSGHLKTHQRIHTGEKPFHCSQCGRSFSQSGNLKKHKCSKKSKEL	TRNIRGPTQGDTQGDTQGHTQGNK
RPT6c	CEAABO	CACCGTTGTTCTCAGTGTGGGAAGAGCTTCACAACAGGGAGAAATCTCATCATACACCAGCGCATTCACACAGGAGAGAAGCCGTTTCACTGCTCTCAGTGTGGGAGGAGCTTCAGTCGGTCAGGACCTCTAAAGACACACCAGCGCATTCACACAGGAGAGAAGCCGTTTCACTGCTCTCAGTGTGGGAGGAGCTTCAGTCAGTCAGGAGACTTAAAGACACACCAGCGCATTCACACAGGAGAGAAGCCGTTTCACTGCTCTCAGTGTGGGAGGAGCTTCAGTCAGTCAGGAGACTTAAAGACACACCAGCGCATTCACACAGGAGAGAAGCCGTTTCACTGCTCTCAGTGTGGGAGGAGCTTCAGTCAGTCAGGACCTCTAAAGACACACCAGCGCATTCACACAGGAGAGAAGCCGTTTCACTGCTCTCAGTGTGGGAAGAGCTTCAGTCAGTCAGGAAATCTAAAGAAACACAAGTGTTCTAAAAAGAGTAAAGAACTT	HRCSQCGKSFTTGRNLIIHQRIHTGEKPFHCSQCGRSFSRSGPLKTHQRIHTGEKPFHCSQCGRSFSQSGDLKTHQRIHTGEKPFHCSQCGRSFSQSGDLKTHQRIHTGEKPFHCSQCGRSFSQSGPLKTHQRIHTGEKPFHCSQCGKSFSQSGNLKKHKCSKKSKEL	TRNIRGPTQGDTQGDTQGPTQGNK
RPT6d	CEAABU	CACCGTTGTTCTCAGTGTGGGAAGAGCTTCACAACAGGGAGAAATCTCATCATACACCAGCGCATTCACACAGGAGAGAAGCCGTTTCACTGCTCTCAGTGTGGGAGGAGCTTCAGTCGGTCAGGACCTCTAAAGACACACCAGCGCATTCACACAGGAGAGAAGCCGTTTCACTGCTCTCAGTGTGGGAGGAGCTTCAGTCAGTCAGGAGACTTAAAGACACACCAGCGCATTCACACAGGAGAGAAGCCGTTTCACTGCTCTCAGTGTGGGAGGAGCTTCAGTCAGTCAGGAGACTTAAAGACACACCAGCGCATTCACACAGGAGAGAAGCCGTTTCACTGCTCTCAGTGTGGGAGGAGCTTCAGTCAGTCAGGACCTCTAAAGACACACCAGCGCATTCACACAGGAGAGAAGCCGTTTCACTGCTCTCAGTGTGGGAGGAGCTTCAGTCAGTCAGGAAATCTAAAGAAACACCAGTGTTCTAAAAAGAGTAAAGAACTT	HRCSQCGKSFTTGRNLIIHQRIHTGEKPFHCSQCGRSFSRSGPLKTHQRIHTGEKPFHCSQCGRSFSQSGDLKTHQRIHTGEKPFHCSQCGRSFSQSGDLKTHQRIHTGEKPFHCSQCGRSFSQSGPLKTHQRIHTGEKPFHCSQCGRSFSQSGNLKKHQCSKKSKEL	TRNIRGPTQGDTQGDTQGPTQGNK
RPT6e	CEAABM	CACCGTTGTTCTCAGTGTGGGAAGAGCTTCACAACAGGGAGAAATCTCATCATACACCAGCGCATTCACACAGGAGAGAAGCCGTTTCACTGCTCTCAGTGTGGGAGGAGCTTCAGTCGGTCAGGACCTCTAAAGACACACCAGCGCATTCACACAGGAGAGAAGCCGTTTCACTGCTCTCAGTGTGGGAGGAGCTTCAGTCAGTCAGGAGACTTAAAGACACACCAGCGCATTCACACAGGAGAGAAGCCGTTTCACTGCTCTCAGTGTGGGAGGAGCTTCAGTCAGTCAGGAGACTTAAAGACACACCAGCGCATTCACACAGGAGAGAAGCCGTTTCACTGCTCTCAGTGTGGGAGGAGCTTCAGTCAGTCAGGACCTCTAAAGACACACCAGCGCATTCACACAGGAGAGAAGCCGTTTCACTGCTCTCAGTGTGGGAGGAGCTTCAGTCAGTCAGGACATCTAAAGAAACACAAGTGTTCTAAAAAGAGTAAAGAACTT	HRCSQCGKSFTTGRNLIIHQRIHTGEKPFHCSQCGRSFSRSGPLKTHQRIHTGEKPFHCSQCGRSFSQSGDLKTHQRIHTGEKPFHCSQCGRSFSQSGDLKTHQRIHTGEKPFHCSQCGRSFSQSGPLKTHQRIHTGEKPFHCSQCGRSFSQSGHLKKHKCSKKSKEL	TRNIRGPTQGDTQGDTQGPTQGHK
RPT6f	CEAAAD	CACCGTTGTTCTCAGTGTGGGAAGAGCTTCACAACAGGGAGAAATCTCATCATACACCAGCGCATTCACACAGGAGAGAAGCCGTTTCACTGCTCTCAGTGTGGGAGGAGCTTCAGTCGGTCAGGACCTCTAAAGACACACCAGCGCATTCACACAGGAGAGAAGCCGTTTCACTGCTCTCAGTGTGGGAGGAGCTTCAGTCAGTCAGGAGACTTAAAGACACACCAGCGCATTCACACAGGAGAGAAGCCGTTTCACTGCTCTCAGTGTGGGAGGAGCTTCAGTCAGTCAGGAGACTTAAAGACACACCAGCGCATTCACACAGGAGAGAAGCCGTTTCACTGCTCTCAGTGTGGGAGGAGCTTCAGTCAGTCAGGAGACTTAAAGACACACCAGCGCATTCACACAGGAGAGAAGCCGTTTCACTGCTCTCAGTGTGGGAGGAGCTTCAGTCAGTCAGGAAATCTAAAGAAACACAAGTGTTCTAAAAAGAGTAAAGAACTT	HRCSQCGKSFTTGRNLIIHQRIHTGEKPFHCSQCGRSFSRSGPLKTHQRIHTGEKPFHCSQCGRSFSQSGDLKTHQRIHTGEKPFHCSQCGRSFSQSGDLKTHQRIHTGEKPFHCSQCGRSFSQSGDLKTHQRIHTGEKPFHCSQCGRSFSQSGNLKKHKCSKKSKEL	TRNIRGPTQGDTQGDTQGDTQGNK
RPT7a	CEAFABD	CACCGTTGTTCTCAGTGTGGGAAGAGCTTCACAACAGGGAGAAATCTCATCATACACCAGCGCATTCACACAGGAGAGAAGCCGTTTCACTGCTCTCAGTGTGGGAGGAGCTTCAGTCGGTCAGGACCTCTAAAGACACACCAGCGCATTCACACAGGAGAGAAGCCGTTTCACTGCTCTCAGTGTGGGAGGAGCTTCAGTCAGTCAGGAGACTTAAAGACACACCAGCGCATTCACACAGGAGAGAAGCCGTTTCACTGCTCTCAGTGTGGGAAGAGCTTCAGTCAGTCAGGAGACTTAAAGACACACCAGCGCATTCACACAGGAGAGAAGCCGTTTCACTGCTCTCAGTGTGGGAGGAGCTTCAGTCAGTCAGGAGACTTAAAGACACACCAGCGCATTCACACAGGAGAGAAGCCGTTTCACTGCTCTCAGTGTGGGAGGAGCTTCAGTCAGTCAGGACCTCTAAAGACACACCAGCGCATTCACACAGGAGAGAAGCCGTTTCACTGCTCTCAGTGTGGGAGGAGCTTCAGTCAGTCAGGAAATCTAAAGAAACACAAGTGTTCTAAAAAGAGTAAAGAACTT	HRCSQCGKSFTTGRNLIIHQRIHTGEKPFHCSQCGRSFSRSGPLKTHQRIHTGEKPFHCSQCGRSFSQSGDLKTHQRIHTGEKPFHCSQCGKSFSQSGDLKTHQRIHTGEKPFHCSQCGRSFSQSGDLKTHQRIHTGEKPFHCSQCGRSFSQSGPLKTHQRIHTGEKPFHCSQCGRSFSQSGNLKKHKCSKKSKEL	TRNIRGPTQGDTQGDTQGDTQGPTQGNK
RPT7b	CEAABBD	CACCGTTGTTCTCAGTGTGGGAAGAGCTTCACAACAGGGAGAAATCTCATCATACACCAGCGCATTCACACAGGAGAGAAGCCGTTTCACTGCTCTCAGTGTGGGAGGAGCTTCAGTCGGTCAGGACCTCTAAAGACACACCAGCGCATTCACACAGGAGAGAAGCCGTTTCACTGCTCTCAGTGTGGGAGGAGCTTCAGTCAGTCAGGAGACTTAAAGACACACCAGCGCATTCACACAGGAGAGAAGCCGTTTCACTGCTCTCAGTGTGGGAGGAGCTTCAGTCAGTCAGGAGACTTAAAGACACACCAGCGCATTCACACAGGAGAGAAGCCGTTTCACTGCTCTCAGTGTGGGAGGAGCTTCAGTCAGTCAGGACCTCTAAAGACACACCAGCGCATTCACACAGGAGAGAAGCCGTTTCACTGCTCTCAGTGTGGGAGGAGCTTCAGTCAGTCAGGACCTCTAAAGACACACCAGCGCATTCACACAGGAGAGAAGCCGTTTCACTGCTCTCAGTGTGGGAGGAGCTTCAGTCAGTCAGGAAATCTAAAGAAACACAAGTGTTCTAAAAAGAGTAAAGAACTT	HRCSQCGKSFTTGRNLIIHQRIHTGEKPFHCSQCGRSFSRSGPLKTHQRIHTGEKPFHCSQCGRSFSQSGDLKTHQRIHTGEKPFHCSQCGRSFSQSGDLKTHQRIHTGEKPFHCSQCGRSFSQSGPLKTHQRIHTGEKPFHCSQCGRSFSQSGPLKTHQRIHTGEKPFHCSQCGRSFSQSGNLKKHKCSKKSKEL	TRNIRGPTQGDTQGDTQGPTQGPTQGNK
RPT7c	CEAABAD	CACCGTTGTTCTCAGTGTGGGAAGAGCTTCACAACAGGGAGAAATCTCATCATACACCAGCGCATTCACACAGGAGAGAAGCCGTTTCACTGCTCTCAGTGTGGGAGGAGCTTCAGTCGGTCAGGACCTCTAAAGACACACCAGCGCATTCACACAGGAGAGAAGCCGTTTCACTGCTCTCAGTGTGGGAGGAGCTTCAGTCAGTCAGGAGACTTAAAGACACACCAGCGCATTCACACAGGAGAGAAGCCGTTTCACTGCTCTCAGTGTGGGAGGAGCTTCAGTCAGTCAGGAGACTTAAAGACACACCAGCGCATTCACACAGGAGAGAAGCCGTTTCACTGCTCTCAGTGTGGGAGGAGCTTCAGTCAGTCAGGACCTCTAAAGACACACCAGCGCATTCACACAGGAGAGAAGCCGTTTCACTGCTCTCAGTGTGGGAGGAGCTTCAGTCAGTCAGGAGACTTAAAGACACACCAGCGCATTCACACAGGAGAGAAGCCGTTTCACTGCTCTCAGTGTGGGAGGAGCTTCAGTCAGTCAGGAAATCTAAAGAAACACAAGTGTTCTAAAAAGAGTAAAGAACTT	HRCSQCGKSFTTGRNLIIHQRIHTGEKPFHCSQCGRSFSRSGPLKTHQRIHTGEKPFHCSQCGRSFSQSGDLKTHQRIHTGEKPFHCSQCGRSFSQSGDLKTHQRIHTGEKPFHCSQCGRSFSQSGPLKTHQRIHTGEKPFHCSQCGRSFSQSGDLKTHQRIHTGEKPFHCSQCGRSFSQSGNLKKHKCSKKSKEL	TRNIRGPTQGDTQGDTQGPTQGDTQGNK
RPT7d	CEAAABD	CACCGTTGTTCTCAGTGTGGGAAGAGCTTCACAACAGGGAGAAATCTCATCATACACCAGCGCATTCACACAGGAGAGAAGCCGTTTCACTGCTCTCAGTGTGGGAGGAGCTTCAGTCGGTCAGGACCTCTAAAGACACACCAGCGCATTCACACAGGAGAGAAGCCGTTTCACTGCTCTCAGTGTGGGAGGAGCTTCAGTCAGTCAGGAGACTTAAAGACACACCAGCGCATTCACACAGGAGAGAAGCCGTTTCACTGCTCTCAGTGTGGGAGGAGCTTCAGTCAGTCAGGAGACTTAAAGACACACCAGCGCATTCACACAGGAGAGAAGCCGTTTCACTGCTCTCAGTGTGGGAGGAGCTTCAGTCAGTCAGGAGACTTAAAGACACACCAGCGCATTCACACAGGAGAGAAGCCGTTTCACTGCTCTCAGTGTGGGAGGAGCTTCAGTCAGTCAGGACCTCTAAAGACACACCAGCGCATTCACACAGGAGAGAAGCCGTTTCACTGCTCTCAGTGTGGGAGGAGCTTCAGTCAGTCAGGAAATCTAAAGAAACACAAGTGTTCTAAAAAGAGTAAAGAACTT	HRCSQCGKSFTTGRNLIIHQRIHTGEKPFHCSQCGRSFSRSGPLKTHQRIHTGEKPFHCSQCGRSFSQSGDLKTHQRIHTGEKPFHCSQCGRSFSQSGDLKTHQRIHTGEKPFHCSQCGRSFSQSGDLKTHQRIHTGEKPFHCSQCGRSFSQSGPLKTHQRIHTGEKPFHCSQCGRSFSQSGNLKKHKCSKKSKEL	TRNIRGPTQGDTQGDTQGDTQGPTQGNK
RPT7e	CEAAAAD	CACCGTTGTTCTCAGTGTGGGAAGAGCTTCACAACAGGGAGAAATCTCATCATACACCAGCGCATTCACACAGGAGAGAAGCCGTTTCACTGCTCTCAGTGTGGGAGGAGCTTCAGTCGGTCAGGACCTCTAAAGACACACCAGCGCATTCACACAGGAGAGAAGCCGTTTCACTGCTCTCAGTGTGGGAGGAGCTTCAGTCAGTCAGGAGACTTAAAGACACACCAGCGCATTCACACAGGAGAGAAGCCGTTTCACTGCTCTCAGTGTGGGAGGAGCTTCAGTCAGTCAGGAGACTTAAAGACACACCAGCGCATTCACACAGGAGAGAAGCCGTTTCACTGCTCTCAGTGTGGGAGGAGCTTCAGTCAGTCAGGAGACTTAAAGACACACCAGCGCATTCACACAGGAGAGAAGCCGTTTCACTGCTCTCAGTGTGGGAGGAGCTTCAGTCAGTCAGGAGACTTAAAGACACACCAGCGCATTCACACAGGAGAGAAGCCGTTTCACTGCTCTCAGTGTGGGAGGAGCTTCAGTCAGTCAGGAAATCTAAAGAAACACAAGTGTTCTAAAAAGAGTAAAGAACTT	HRCSQCGKSFTTGRNLIIHQRIHTGEKPFHCSQCGRSFSRSGPLKTHQRIHTGEKPFHCSQCGRSFSQSGDLKTHQRIHTGEKPFHCSQCGRSFSQSGDLKTHQRIHTGEKPFHCSQCGRSFSQSGDLKTHQRIHTGEKPFHCSQCGRSFSQSGDLKTHQRIHTGEKPFHCSQCGRSFSQSGNLKKHKCSKKSKEL	TRNIRGPTQGDTQGDTQGDTQGDTQGNK
RPT7f	CEA11BD	CACCGTTGTTCTCAGTGTGGGAAGAGCTTCACAACAGGGAGAAATCTCATCATACACCAGCGCATTCACACAGGAGAGAAGCCGTTTCACTGCTCTCAGTGTGGGAGGAGCTTCAGTCGGTCAGGACCTCTAAAGACACACCAGCGCATTCACACAGGAGAGAAGCCGTTTCACTGCTCTCAGTGTGGGAGGAGCTTCAGTCAGTCAGGAGACTTAAAGACACACCAGCGCATTCACACAGGAGAGAAGCCGTTTCACTGCTCTCAGTGTGGGAGGAGCTTCAGTCGGTCAGGACATCTAAAGACACACCAGCGCATTCACACAGGAGAGAAGCCGTTTCACTGCTCTCAGTGTGGGAGGAGCTTCAGTCGGTCAGGACATCTAAAGACACACCAGCGCATTCACACAGGAGAGAAGCCGTTTCACTGCTCTCAGTGTGGGAGGAGCTTCAGTCAGTCAGGACCTCTAAAGACACACCAGCGCATTCACACAGGAGAGAAGCCGTTTCACTGCTCTCAGTGTGGGAGGAGCTTCAGTCAGTCAGGAAATCTAAAGAAACACAAGTGTTCTAAAAAGAGTAAAGAACTT	HRCSQCGKSFTTGRNLIIHQRIHTGEKPFHCSQCGRSFSRSGPLKTHQRIHTGEKPFHCSQCGRSFSQSGDLKTHQRIHTGEKPFHCSQCGRSFSRSGHLKTHQRIHTGEKPFHCSQCGRSFSRSGHLKTHQRIHTGEKPFHCSQCGRSFSQSGPLKTHQRIHTGEKPFHCSQCGRSFSQSGNLKKHKCSKKSKEL	TRNIRGPTQGDTRGHTRGHTQGPTQGNK
RPT7g	CEAEABD	CACCGTTGTTCTCAGTGTGGGAAGAGCTTCACAACAGGGAGAAATCTCATCATACACCAGCGCATTCACACAGGAGAGAAGCCGTTTCACTGCTCTCAGTGTGGGAGGAGCTTCAGTCGGTCAGGACCTCTAAAGACACACCAGCGCATTCACACAGGAGAGAAGCCGTTTCACTGCTCTCAGTGTGGGAGGAGCTTCAGTCAGTCAGGAGACTTAAAGACACACCAGCGCATTCACACAGGAGAGAAGCCGTTTCACTGCTCTCAGTGTGGGAGGAGCTTCAGTCGGTCAGGACCTCTAAAGACACACCAGCGCATTCACACAGGAGAGAAGCCGTTTCACTGCTCTCAGTGTGGGAGGAGCTTCAGTCAGTCAGGAGACTTAAAGACACACCAGCGCATTCACACAGGAGAGAAGCCGTTTCACTGCTCTCAGTGTGGGAGGAGCTTCAGTCAGTCAGGACCTCTAAAGACACACCAGCGCATTCACACAGGAGAGAAGCCGTTTCACTGCTCTCAGTGTGGGAGGAGCTTCAGTCAGTCAGGAAATCTAAAGAAACACAAGTGTTCTAAAAAGAGTAAAGAACTT	HRCSQCGKSFTTGRNLIIHQRIHTGEKPFHCSQCGRSFSRSGPLKTHQRIHTGEKPFHCSQCGRSFSQSGDLKTHQRIHTGEKPFHCSQCGRSFSRSGPLKTHQRIHTGEKPFHCSQCGRSFSQSGDLKTHQRIHTGEKPFHCSQCGRSFSQSGPLKTHQRIHTGEKPFHCSQCGRSFSQSGNLKKHKCSKKSKEL	TRNIRGPTQGDTRGPTQGDTQGPTQGNK
RPT7h	CEEAAFD	CACCGTTGTTCTCAGTGTGGGAAGAGCTTCACAACAGGGAGAAATCTCATCATACACCAGCGCATTCACACAGGAGAGAAGCCGTTTCACTGCTCTCAGTGTGGGAGGAGCTTCAGTCGGTCAGGACCTCTAAAGACACACCAGCGCATTCACACAGGAGAGAAGCCGTTTCACTGCTCTCAGTGTGGGAGGAGCTTCAGTCGGTCAGGACCTCTAAAGACACACCAGCGCATTCACACAGGAGAGAAGCCGTTTCACTGCTCTCAGTGTGGGAGGAGCTTCAGTCAGTCAGGAGACTTAAAGACACACCAGCGCATTCACACAGGAGAGAAGCCGTTTCACTGCTCTCAGTGTGGGAGGAGCTTCAGTCAGTCAGGAGACTTAAAGACACACCAGCGCATTCACACAGGAGAGAAGCCGTTTCACTGCTCTCAGTGTGGGAAGAGCTTCAGTCAGTCAGGAGACTTAAAGACACACCAGCGCATTCACACAGGAGAGAAGCCGTTTCACTGCTCTCAGTGTGGGAGGAGCTTCAGTCAGTCAGGAAATCTAAAGAAACACAAGTGTTCTAAAAAGAGTAAAGAACTT	HRCSQCGKSFTTGRNLIIHQRIHTGEKPFHCSQCGRSFSRSGPLKTHQRIHTGEKPFHCSQCGRSFSRSGPLKTHQRIHTGEKPFHCSQCGRSFSQSGDLKTHQRIHTGEKPFHCSQCGRSFSQSGDLKTHQRIHTGEKPFHCSQCGKSFSQSGDLKTHQRIHTGEKPFHCSQCGRSFSQSGNLKKHKCSKKSKEL	TRNIRGPTRGPTQGDTQGDTQGDTQGNK
RPT8a	CEAABABD	CACCGTTGTTCTCAGTGTGGGAAGAGCTTCACAACAGGGAGAAATCTCATCATACACCAGCGCATTCACACAGGAGAGAAGCCGTTTCACTGCTCTCAGTGTGGGAGGAGCTTCAGTCGGTCAGGACCTCTAAAGACACACCAGCGCATTCACACAGGAGAGAAGCCGTTTCACTGCTCTCAGTGTGGGAGGAGCTTCAGTCAGTCAGGAGACTTAAAGACACACCAGCGCATTCACACAGGAGAGAAGCCGTTTCACTGCTCTCAGTGTGGGAGGAGCTTCAGTCAGTCAGGAGACTTAAAGACACACCAGCGCATTCACACAGGAGAGAAGCCGTTTCACTGCTCTCAGTGTGGGAGGAGCTTCAGTCAGTCAGGACCTCTAAAGACACACCAGCGCATTCACACAGGAGAGAAGCCGTTTCACTGCTCTCAGTGTGGGAGGAGCTTCAGTCAGTCAGGAGACTTAAAGACACACCAGCGCATTCACACAGGAGAGAAGCCGTTTCACTGCTCTCAGTGTGGGAGGAGCTTCAGTCAGTCAGGACCTCTAAAGACACACCAGCGCATTCACACAGGAGAGAAGCCGTTTCACTGCTCTCAGTGTGGGAGGAGCTTCAGTCAGTCAGGAAATCTAAAGAAACACAAGTGTTCTAAAAAGAGTAAAGAACTT	HRCSQCGKSFTTGRNLIIHQRIHTGEKPFHCSQCGRSFSRSGPLKTHQRIHTGEKPFHCSQCGRSFSQSGDLKTHQRIHTGEKPFHCSQCGRSFSQSGDLKTHQRIHTGEKPFHCSQCGRSFSQSGPLKTHQRIHTGEKPFHCSQCGRSFSQSGDLKTHQRIHTGEKPFHCSQCGRSFSQSGPLKTHQRIHTGEKPFHCSQCGRSFSQSGNLKKHKCSKKSKEL	TRNIRGPTQGDTQGDTQGPTQGDTQGPTQGNK
RPT8b	CEFFF1ED	CACCGTTGTTCTCAGTGTGGGAAGAGCTTCACAACAGGGAGAAATCTCATCATACACCAGCGCATTCACACAGGAGAGAAGCCGTTTCACTGCTCTCAGTGTGGGAGGAGCTTCAGTCGGTCAGGACCTCTAAAGACACACCAGCGCATTCACACAGGAGAGAAGCCGTTTCACTGCTCTCAGTGTGGGAAGAGCTTCAGTCAGTCAGGAGACTTAAAGACACACCAGCGCATTCACACAGGAGAGAAGCCGTTTCACTGCTCTCAGTGTGGGAAGAGCTTCAGTCAGTCAGGAGACTTAAAGACACACCAGCGCATTCACACAGGAGAGAAGCCGTTTCACTGCTCTCAGTGTGGGAAGAGCTTCAGTCAGTCAGGAGACTTAAAGACACACCAGCGCATTCACACAGGAGAGAAGCCGTTTCACTGCTCTCAGTGTGGGAGGAGCTTCAGTCGGTCAGGACATCTAAAGACACACCAGCGCATTCACACAGGAGAGAAGCCGTTTCACTGCTCTCAGTGTGGGAGGAGCTTCAGTCGGTCAGGACCTCTAAAGACACACCAGCGCATTCACACAGGAGAGAAGCCGTTTCACTGCTCTCAGTGTGGGAGGAGCTTCAGTCAGTCAGGAAATCTAAAGAAACACAAGTGTTCTAAAAAGAGTAAAGAACTT	HRCSQCGKSFTTGRNLIIHQRIHTGEKPFHCSQCGRSFSRSGPLKTHQRIHTGEKPFHCSQCGKSFSQSGDLKTHQRIHTGEKPFHCSQCGKSFSQSGDLKTHQRIHTGEKPFHCSQCGKSFSQSGDLKTHQRIHTGEKPFHCSQCGRSFSRSGHLKTHQRIHTGEKPFHCSQCGRSFSRSGPLKTHQRIHTGEKPFHCSQCGRSFSQSGNLKKHKCSKKSKEL	TRNIRGPTQGDTQGDTQGDTRGHTRGPTQGNK
RPT8c	CEEAAFAD	CACCGTTGTTCTCAGTGTGGGAAGAGCTTCACAACAGGGAGAAATCTCATCATACACCAGCGCATTCACACAGGAGAGAAGCCGTTTCACTGCTCTCAGTGTGGGAGGAGCTTCAGTCGGTCAGGACCTCTAAAGACACACCAGCGCATTCACACAGGAGAGAAGCCGTTTCACTGCTCTCAGTGTGGGAGGAGCTTCAGTCGGTCAGGACCTCTAAAGACACACCAGCGCATTCACACAGGAGAGAAGCCGTTTCACTGCTCTCAGTGTGGGAGGAGCTTCAGTCAGTCAGGAGACTTAAAGACACACCAGCGCATTCACACAGGAGAGAAGCCGTTTCACTGCTCTCAGTGTGGGAGGAGCTTCAGTCAGTCAGGAGACTTAAAGACACACCAGCGCATTCACACAGGAGAGAAGCCGTTTCACTGCTCTCAGTGTGGGAAGAGCTTCAGTCAGTCAGGAGACTTAAAGACACACCAGCGCATTCACACAGGAGAGAAGCCGTTTCACTGCTCTCAGTGTGGGAGGAGCTTCAGTCAGTCAGGAGACTTAAAGACACACCAGCGCATTCACACAGGAGAGAAGCCGTTTCACTGCTCTCAGTGTGGGAGGAGCTTCAGTCAGTCAGGAAATCTAAAGAAACACAAGTGTTCTAAAAAGAGTAAAGAACTT	HRCSQCGKSFTTGRNLIIHQRIHTGEKPFHCSQCGRSFSRSGPLKTHQRIHTGEKPFHCSQCGRSFSRSGPLKTHQRIHTGEKPFHCSQCGRSFSQSGDLKTHQRIHTGEKPFHCSQCGRSFSQSGDLKTHQRIHTGEKPFHCSQCGKSFSQSGDLKTHQRIHTGEKPFHCSQCGRSFSQSGDLKTHQRIHTGEKPFHCSQCGRSFSQSGNLKKHKCSKKSKEL	TRNIRGPTRGPTQGDTQGDTQGDTQGDTQGNK
RPT8d	CEEEAAFD	CACCGTTGTTCTCAGTGTGGGAAGAGCTTCACAACAGGGAGAAATCTCATCATACACCAGCGCATTCACACAGGAGAGAAGCCGTTTCACTGCTCTCAGTGTGGGAGGAGCTTCAGTCGGTCAGGACCTCTAAAGACACACCAGCGCATTCACACAGGAGAGAAGCCGTTTCACTGCTCTCAGTGTGGGAGGAGCTTCAGTCGGTCAGGACCTCTAAAGACACACCAGCGCATTCACACAGGAGAGAAGCCGTTTCACTGCTCTCAGTGTGGGAGGAGCTTCAGTCGGTCAGGACCTCTAAAGACACACCAGCGCATTCACACAGGAGAGAAGCCGTTTCACTGCTCTCAGTGTGGGAGGAGCTTCAGTCAGTCAGGAGACTTAAAGACACACCAGCGCATTCACACAGGAGAGAAGCCGTTTCACTGCTCTCAGTGTGGGAGGAGCTTCAGTCAGTCAGGAGACTTAAAGACACACCAGCGCATTCACACAGGAGAGAAGCCGTTTCACTGCTCTCAGTGTGGGAAGAGCTTCAGTCAGTCAGGAGACTTAAAGACACACCAGCGCATTCACACAGGAGAGAAGCCGTTTCACTGCTCTCAGTGTGGGAGGAGCTTCAGTCAGTCAGGAAATCTAAAGAAACACAAGTGTTCTAAAAAGAGTAAAGAACTT	HRCSQCGKSFTTGRNLIIHQRIHTGEKPFHCSQCGRSFSRSGPLKTHQRIHTGEKPFHCSQCGRSFSRSGPLKTHQRIHTGEKPFHCSQCGRSFSRSGPLKTHQRIHTGEKPFHCSQCGRSFSQSGDLKTHQRIHTGEKPFHCSQCGRSFSQSGDLKTHQRIHTGEKPFHCSQCGKSFSQSGDLKTHQRIHTGEKPFHCSQCGRSFSQSGNLKKHKCSKKSKEL	TRNIRGPTRGPTRGPTQGDTQGDTQGDTQGNK
RPT9a	CEAEEAAFN	CACCGTTGTTCTCAGTGTGGGAAGAGCTTCACAACAGGGAGAAATCTCATCATACACCAGCGCATTCACACAGGAGAGAAGCCGTTTCACTGCTCTCAGTGTGGGAGGAGCTTCAGTCGGTCAGGACCTCTAAAGACACACCAGCGCATTCACACAGGAGAGAAGCCGTTTCACTGCTCTCAGTGTGGGAGGAGCTTCAGTCAGTCAGGAGACTTAAAGACACACCAGCGCATTCACACAGGAGAGAAGCCGTTTCACTGCTCTCAGTGTGGGAGGAGCTTCAGTCGGTCAGGACCTCTAAAGACACACCAGCGCATTCACACAGGAGAGAAGCCGTTTCACTGCTCTCAGTGTGGGAGGAGCTTCAGTCGGTCAGGACCTCTAAAGACACACCAGCGCATTCACACAGGAGAGAAGCCGTTTCACTGCTCTCAGTGTGGGAGGAGCTTCAGTCAGTCAGGAGACTTAAAGACACACCAGCGCATTCACACAGGAGAGAAGCCGTTTCACTGCTCTCAGTGTGGGAGGAGCTTCAGTCAGTCAGGAGACTTAAAGACACACCAGCGCATTCACACAGGAGAGAAGCCGTTTCACTGCTCTCAGTGTGGGAAGAGCTTCAGTCAGTCAGGAGACTTAAAGACACACCAGCGCATTCACACAGGAGAGAAGCCGTTTCACTGCTCTCAGTGTGGGAGGAGCTTCAGTCAGTCAGGACCTCTAAAGAAACACAAGTGTTCTAAAAAGAGTAAAGAACTT	HRCSQCGKSFTTGRNLIIHQRIHTGEKPFHCSQCGRSFSRSGPLKTHQRIHTGEKPFHCSQCGRSFSQSGDLKTHQRIHTGEKPFHCSQCGRSFSRSGPLKTHQRIHTGEKPFHCSQCGRSFSRSGPLKTHQRIHTGEKPFHCSQCGRSFSQSGDLKTHQRIHTGEKPFHCSQCGRSFSQSGDLKTHQRIHTGEKPFHCSQCGKSFSQSGDLKTHQRIHTGEKPFHCSQCGRSFSQSGPLKKHKCSKKSKEL	TRNIRGPTQGDTRGPTRGPTQGDTQGDTQGDTQGPK
WET6a	CPGFBM	CACCGTTGTTCTCAGTGTGGGAAGAGCTTCACAACAGGGAGAAATCTCATCATACACCAGCGCATTCACACAGGAGAGAAGCCGTTTCACTGCTCTCAGTGTGGGAAGAGCTTCAGTTGGTCAGCAGAGTTAAAGACACACCAGCGCATTCACACAGGAGAGAAGCCGTTTCACTGCTCTCAGTGTGGGAGGAGCTTCAGTCAGTCAGGACATCTAAAGAAACACCAGCGCATTCACACAGGAGAGAAGCCGTTTCACTGCTCTCAGTGTGGGAAGAGCTTCAGTCAGTCAGGAGACTTAAAGACACACCAGCGCATTCACACAGGAGAGAAGCCGTTTCACTGCTCTCAGTGTGGGAGGAGCTTCAGTCAGTCAGGACCTCTAAAGACACACCAGCGCATTCACACAGGAGAGAAGCCGTTTCACTGCTCTCAGTGTGGGAGGAGCTTCAGTCAGTCAGGACATCTAAAGAAACACAAGTGTTCTAAAAAGAGTAAAGAACTT	HRCSQCGKSFTTGRNLIIHQRIHTGEKPFHCSQCGKSFSWSAELKTHQRIHTGEKPFHCSQCGRSFSQSGHLKKHQRIHTGEKPFHCSQCGKSFSQSGDLKTHQRIHTGEKPFHCSQCGRSFSQSGPLKTHQRIHTGEKPFHCSQCGRSFSQSGHLKKHKCSKKSKEL	TRNIWAETQGHKQGDTQGPTQGHK
WET8a	CPGFBQAM	CACCGTTGTTCTCAGTGTGGGAAGAGCTTCACAACAGGGAGAAATCTCATCATACACCAGCGCATTCACACAGGAGAGAAGCCGTTTCACTGCTCTCAGTGTGGGAAGAGCTTCAGTTGGTCAGCAGAGTTAAAGACACACCAGCGCATTCACACAGGAGAGAAGCCGTTTCACTGCTCTCAGTGTGGGAGGAGCTTCAGTCAGTCAGGACATCTAAAGAAACACCAGCGCATTCACACAGGAGAGAAGCCGTTTCACTGCTCTCAGTGTGGGAAGAGCTTCAGTCAGTCAGGAGACTTAAAGACACACCAGCGCATTCACACAGGAGAGAAGCCGTTTCACTGCTCTCAGTGTGGGAGGAGCTTCAGTCAGTCAGGACCTCTAAAGACACACCAGCGCATTCACACAGGAGAGAAGCCGTTTCACTGCTCTCAGTGTGGGAGGAGCTTCAGTCAGTCAGGACATCTAAAGAAACATCAGCGCATTCACACAGGAGAGAAGCCGTTTCACTGCTCTCAGTGTGGGAGGAGCTTCAGTCAGTCAGGAGACTTAAAGACACACCAGCGCATTCACACAGGAGAGAAGCCGTTTCACTGCTCTCAGTGTGGGAGGAGCTTCAGTCAGTCAGGACATCTAAAGAAACACAAGTGTTCTAAAAAGAGTAAAGAACTT	HRCSQCGKSFTTGRNLIIHQRIHTGEKPFHCSQCGKSFSWSAELKTHQRIHTGEKPFHCSQCGRSFSQSGHLKKHQRIHTGEKPFHCSQCGKSFSQSGDLKTHQRIHTGEKPFHCSQCGRSFSQSGPLKTHQRIHTGEKPFHCSQCGRSFSQSGHLKKHQRIHTGEKPFHCSQCGRSFSQSGDLKTHQRIHTGEKPFHCSQCGRSFSQSGHLKKHKCSKKSKEL	TRNIWAETQGHKQGDTQGPTQGHKQGDTQGHK
